17.8556,6.93359,0,0,0,0.185729,0.982601,0,3
18.9739,7.34626,0,0,0,0.16991,0.98546,0,3
20.0189,7.75033,0,0,0,0.18301,0.983111,0,3
21.0633,8.20866,0,0,0,0.180724,0.983534,0,3
22.1109,8.5548,0,0,0,0.164652,0.986352,0,3
23.0945,8.93608,0,0,0,0.176357,0.984326,0,3
24.1,9.31883,0,0,0,0.188683,0.982038,0,3
25.0969,9.79743,0,0,0,0.187685,0.982229,0,3
26.0838,10.2958,0,0,0,0.21037,0.977622,0,3
27.1068,10.5603,0,0,0,0.17783,0.984061,0,3
28.2363,10.8717,0,0,0,0.154203,0.988039,0,3
29.2993,11.1235,0,0,0,0.146471,0.989215,0,3
30.3329,11.4817,0,0,0,0.159249,0.987238,0,3
31.3543,11.8331,0,0,0,0.154171,0.988044,0,3
32.3751,12.1349,0,0,0,0.14565,0.989336,0,3
33.4417,12.4516,0,0,0,0.131299,0.991343,0,3
34.4712,12.8545,0,0,0,0.175107,0.984549,0,3
35.5558,13.1945,0,0,0,0.166001,0.986126,0,3
36.6367,13.5433,0,0,0,0.145102,0.989417,0,3
37.671,13.8695,0,0,0,0.138774,0.990324,0,3
38.7217,14.2479,0,0,0,0.164808,0.986326,0,3
39.7276,14.6686,0,0,0,0.196966,0.98041,0,3
40.7207,15.2344,0,0,0,0.227298,0.973825,0,3
41.6896,15.781,0,0,0,0.251021,0.967982,0,3
42.6502,16.3177,0,0,0,0.240836,0.970566,0,3
43.5638,16.7941,0,0,0,0.233478,0.972362,0,3
44.4901,17.3131,0,0,0,0.224853,0.974393,0,3
45.4537,17.8246,0,0,0,0.239777,0.970828,0,3
46.4102,18.3156,0,0,0,0.248196,0.96871,0,3
47.4136,18.834,0,0,0,0.229453,0.97332,0,3
48.3625,19.353,0,0,0,0.257323,0.966325,0,3
49.3104,19.8935,0,0,0,0.241635,0.970367,0,3
50.292,20.4369,0,0,0,0.24184,0.970316,0,3
51.3366,21.0079,0,0,0,0.249769,0.968305,0,3
52.2901,21.5636,0,0,0,0.263294,0.964716,0,3
53.2354,22.0932,0,0,0,0.247883,0.96879,0,3
54.1713,22.6721,0,0,0,0.246273,0.969201,0,3
55.1416,23.1589,0,0,0,0.248001,0.96876,0,3
56.1076,23.692,0,0,0,0.264542,0.964374,0,3
56.9835,24.2397,0,0,0,0.257317,0.966327,0,3
57.916,24.8981,0,0,0,0.267137,0.963659,0,3
58.8915,25.5555,0,0,0,0.27293,0.962034,0,3
59.794,26.1087,0,0,0,0.271921,0.96232,0,3
60.725,26.7213,0,0,0,0.262187,0.965017,0,3
61.5769,27.3757,0,0,0,0.28261,0.959235,0,3
62.4915,27.9897,0,0,0,0.280998,0.959708,0,3
63.433,28.636,0,0,0,0.27778,0.960645,0,3
64.3544,29.2137,0,0,0,0.285799,0.958289,0,3
65.2699,29.7478,0,0,0,0.265506,0.964109,0,3
66.1523,30.3546,0,0,0,0.277544,0.960713,0,3
67.1075,30.9619,0,0,0,0.285445,0.958395,0,3
67.9662,31.5301,0,0,0,0.293413,0.955986,0,3
68.8879,32.1644,0,0,0,0.299794,0.954004,0,3
69.8199,32.7525,0,0,0,0.276222,0.961094,0,3
70.7397,33.3673,0,0,0,0.288946,0.957346,0,3
71.6575,34.0264,0,0,0,0.294207,0.955742,0,3
72.5421,34.6326,0,0,0,0.272639,0.962116,0,3
73.4456,35.2346,0,0,0,0.263854,0.964563,0,3
74.317,35.8125,0,0,0,0.289767,0.957097,0,3
75.2161,36.4292,0,0,0,0.279854,0.960043,0,3
76.1541,37.0474,0,0,0,0.277659,0.96068,0,3
77.0378,37.6379,0,0,0,0.280689,0.959799,0,3
77.9463,38.2141,0,0,0,0.318797,0.947823,0,3
78.8382,38.9502,0,0,0,0.408454,0.912779,0,3
79.5902,40.1016,0,0,0,0.534007,0.84548,0,3
79.8502,41.2179,0,0,0,0.683372,0.73007,0,3
79.6921,42.741,0,0,0,0.767385,0.641187,0,3
79.3891,43.7397,0,0,0,0.829139,0.559043,0,3
78.9518,44.7144,0,0,0,0.864638,0.502396,0,3
78.4227,45.6255,0,0,0,0.866335,0.499463,0,3
77.8683,46.5593,0,0,0,0.870994,0.491293,0,3
77.2883,47.4245,0,0,0,0.865923,0.500177,0,3
76.739,48.3349,0,0,0,0.869321,0.494247,0,3
76.128,49.2606,0,0,0,0.87369,0.486483,0,3
75.5022,50.1992,0,0,0,0.876532,0.481344,0,3
74.8832,51.1115,0,0,0,0.867679,0.497125,0,3
74.2141,52.0956,0,0,0,0.875883,0.482524,0,3
73.5853,52.9648,0,0,0,0.886397,0.462926,0,3
72.9308,53.899,0,0,0,0.878891,0.477023,0,3
72.3498,54.8087,0,0,0,0.870084,0.492903,0,3
71.6905,55.7819,0,0,0,0.880917,0.473272,0,3
70.9766,56.7588,0,0,0,0.886152,0.463394,0,3
70.3042,57.6921,0,0,0,0.889107,0.4577,0,3
69.5725,58.5694,0,0,0,0.919656,0.392724,0,3
68.5376,59.3141,0,0,0,0.96521,0.261474,0,3
67.3159,59.8775,0,0,0,0.970501,0.241097,0,3
66.0467,60.6773,0,0,0,0.958448,0.285268,0,3
64.9008,61.4257,0,0,0,0.95758,0.288169,0,3
63.8494,62.1579,0,0,0,0.952339,0.305042,0,3
62.6872,62.9934,0,0,0,0.964367,0.264568,0,3
61.5707,63.831,0,0,0,0.946121,0.323812,0,3
60.5826,64.6003,0,0,0,0.936678,0.350191,0,3
59.7553,65.4668,0,0,0,0.920565,0.39059,0,3
58.8918,66.2906,0,0,0,0.935819,0.352481,0,3
57.7675,66.9295,0,0,0,0.949961,0.312368,0,3
56.8474,67.5822,0,0,0,0.932404,0.361417,0,3
55.921,68.3805,0,0,0,0.923696,0.383127,0,3
55.0679,69.1288,0,0,0,0.914058,0.405585,0,3
54.1834,70.2862,0,0,0,0.854706,0.519112,0,3
53.4602,71.6063,0,0,0,0.879929,0.475104,0,3
52.8596,72.4477,0,0,0,0.893877,0.448311,0,3
52.1636,73.3125,0,0,0,0.902221,0.431275,0,3
51.4286,74.1645,0,0,0,0.920898,0.389803,0,3
50.3511,74.9116,0,0,0,0.982514,0.186188,0,3
49.1327,75.1086,0,0,0,-0.999975,0.00700459,0,3
48.0823,74.9916,0,0,0,-0.993391,0.11478,0,3
47.0994,74.8019,0,0,0,-0.979611,0.200906,0,3
46.188,74.3089,0,0,0,-0.961973,0.273144,0,3
44.909,73.666,0,0,0,-0.965343,0.260986,0,3
44.0692,73.0739,0,0,0,-0.955627,0.294578,0,3
43.2122,72.3946,0,0,0,-0.949799,0.31286,0,3
42.3696,71.7088,0,0,0,-0.949842,0.312729,0,3
41.56,71.0544,0,0,0,-0.946482,0.322756,0,3
40.6959,70.4413,0,0,0,-0.955363,0.295434,0,3
39.8854,69.8384,0,0,0,-0.948997,0.315285,0,3
38.9809,69.1552,0,0,0,-0.953827,0.300356,0,3
38.116,68.444,0,0,0,-0.953214,0.302296,0,3
37.247,67.8437,0,0,0,-0.962384,0.271692,0,3
36.4544,67.1905,0,0,0,-0.948391,0.317102,0,3
35.6644,66.5487,0,0,0,-0.949118,0.314922,0,3
34.875,65.8683,0,0,0,-0.949007,0.315255,0,3
34.0249,65.2258,0,0,0,-0.953571,0.301168,0,3
33.2039,64.6022,0,0,0,-0.95077,0.309896,0,3
32.0739,63.7053,0,0,0,-0.941204,0.337839,0,3
31.2855,63.0603,0,0,0,-0.944873,0.327437,0,3
30.5062,62.3464,0,0,0,-0.94296,0.332906,0,3
29.6698,61.7234,0,0,0,-0.949418,0.314014,0,3
28.452,60.739,0,0,0,-0.940833,0.33887,0,3
27.6444,60.0717,0,0,0,-0.942693,0.333661,0,3
26.8034,59.3437,0,0,0,-0.940372,0.340147,0,3
26.0064,58.6489,0,0,0,-0.939643,0.342157,0,3
25.2416,57.9653,0,0,0,-0.94454,0.328396,0,3
24.37,57.3465,0,0,0,-0.950303,0.311326,0,3
23.5672,56.5911,0,0,0,-0.932067,0.362287,0,3
22.7332,55.9151,0,0,0,-0.945007,0.327051,0,3
21.9198,55.2047,0,0,0,-0.91903,0.394189,0,3
21.1445,54.525,0,0,0,-0.95026,0.311458,0,3
20.3275,53.8965,0,0,0,-0.952955,0.303111,0,3
19.5261,53.27,0,0,0,-0.945011,0.327038,0,3
18.7303,52.6261,0,0,0,-0.941938,0.335786,0,3
17.9849,51.9349,0,0,0,-0.935689,0.352827,0,3
17.2343,51.2428,0,0,0,-0.943787,0.330553,0,3
16.4305,50.5773,0,0,0,-0.945199,0.326495,0,3
15.3188,49.6049,0,0,0,-0.943205,0.332211,0,3
14.5768,48.9067,0,0,0,-0.940495,0.339808,0,3
13.5154,47.8345,0,0,0,-0.928758,0.370687,0,3
12.8055,47.1167,0,0,0,-0.932998,0.359882,0,3
12.0848,46.3772,0,0,0,-0.934312,0.356457,0,3
11.2842,45.6346,0,0,0,-0.937731,0.347361,0,3
10.4819,44.9401,0,0,0,-0.940326,0.340274,0,3
9.73662,44.2137,0,0,0,-0.930256,0.36691,0,3
8.95537,43.4896,0,0,0,-0.938965,0.344013,0,3
8.14421,42.7549,0,0,0,-0.938339,0.345716,0,3
7.38579,41.9845,0,0,0,-0.932747,0.360531,0,3
6.42227,41.1075,0,0,0,-0.937732,0.34736,0,3
5.62229,40.3466,0,0,0,-0.934286,0.356525,0,3
4.8432,39.5781,0,0,0,-0.933331,0.359016,0,3
4.0265,38.7858,0,0,0,-0.927316,0.374279,0,3
3.23807,37.991,0,0,0,-0.919739,0.392531,0,3
2.51915,37.2459,0,0,0,-0.922956,0.384906,0,3
1.72911,36.411,0,0,0,-0.92052,0.390695,0,3
0.86826,35.6862,0,0,0,-0.933062,0.359716,0,3
0.0442869,34.8759,0,0,0,-0.92979,0.368091,0,3
-0.75543,34.1443,0,0,0,-0.927771,0.37315,0,3
-1.42484,33.3912,0,0,0,-0.923686,0.383151,0,3
-2.13012,32.5988,0,0,0,-0.91956,0.39295,0,3
-2.92924,31.7956,0,0,0,-0.931145,0.364648,0,3
-3.7339,31.0109,0,0,0,-0.934669,0.35552,0,3
-4.51985,30.2528,0,0,0,-0.928802,0.370577,0,3
-5.35453,29.442,0,0,0,-0.930181,0.367101,0,3
-6.16286,28.5879,0,0,0,-0.927027,0.374996,0,3
-6.95704,27.8147,0,0,0,-0.935242,0.35401,0,3
-7.77984,27.0071,0,0,0,-0.930001,0.367557,0,3
-8.64393,26.1864,0,0,0,-0.933751,0.357922,0,3
-9.49716,25.4225,0,0,0,-0.941231,0.337762,0,3
-10.3416,24.6742,0,0,0,-0.93276,0.360499,0,3
-11.1382,23.9391,0,0,0,-0.929422,0.369018,0,3
-11.8541,23.1563,0,0,0,-0.930161,0.367152,0,3
-12.6708,22.3649,0,0,0,-0.935716,0.352755,0,3
-13.5188,21.5399,0,0,0,-0.929753,0.368183,0,3
-14.2675,20.7309,0,0,0,-0.912542,0.408984,0,3
-15.0169,19.9254,0,0,0,-0.928325,0.371769,0,3
-15.8021,19.0638,0,0,0,-0.923285,0.384115,0,3
-16.6228,18.2489,0,0,0,-0.933119,0.359567,0,3
-17.4881,17.4576,0,0,0,-0.939273,0.343172,0,3
-18.5108,16.7869,0,0,0,-0.942749,0.333502,0,3
-19.3275,16.0081,0,0,0,-0.925863,0.37786,0,3
-20.1013,15.1101,0,0,0,-0.914011,0.40569,0,3
-20.9404,14.3228,0,0,0,-0.930219,0.367004,0,3
-21.7818,13.5165,0,0,0,-0.928115,0.372295,0,3
-22.6114,12.6762,0,0,0,-0.921143,0.389223,0,3
-23.3843,11.8096,0,0,0,-0.911458,0.411392,0,3
-24.1269,10.9664,0,0,0,-0.923172,0.384387,0,3
-24.9207,10.1126,0,0,0,-0.924246,0.381798,0,3
-25.7725,9.23516,0,0,0,-0.920839,0.389943,0,3
-26.6575,8.45002,0,0,0,-0.927223,0.374509,0,3
-27.4768,7.6402,0,0,0,-0.937252,0.348652,0,3
-28.3586,6.81614,0,0,0,-0.946264,0.323394,0,3
-29.389,5.99251,0,0,0,-0.968127,0.250461,0,3
-30.5571,5.52897,0,0,0,-0.991281,0.131764,0,3
-31.5967,5.26452,0,0,0,-0.999949,0.0100979,0,3
-32.1078,5.25585,0,0,0,0.997657,0.068419,0,3
-33.1415,5.56052,0,0,0,0.968684,0.248297,0,3
-34.0822,6.2742,0,0,0,0.938074,0.346436,0,3
-34.9822,7.1707,0,0,0,0.914654,0.404239,0,3
-35.8089,8.06444,0,0,0,0.919867,0.392231,0,3
-36.667,8.97841,0,0,0,0.918025,0.396522,0,3
-37.5223,9.91481,0,0,0,0.914929,0.403614,0,3
-38.5572,10.753,0,0,0,0.932016,0.362417,0,3
-39.4751,11.7026,0,0,0,0.926625,0.375987,0,3
-40.3247,12.5138,0,0,0,0.93392,0.357481,0,3
-41.2226,13.3458,0,0,0,0.930602,0.366033,0,3
-42.1163,14.1926,0,0,0,0.925293,0.379253,0,3
-42.9766,15.0262,0,0,0,0.924584,0.380979,0,3
-43.8382,15.8433,0,0,0,0.930856,0.365385,0,3
-44.7546,16.6978,0,0,0,0.927687,0.373358,0,3
-45.5918,17.5058,0,0,0,0.925615,0.378465,0,3
-46.4992,18.3231,0,0,0,0.93362,0.358264,0,3
-47.3866,19.1617,0,0,0,0.919719,0.392577,0,3
-48.2447,20.0704,0,0,0,0.930549,0.366166,0,3
-49.0843,20.798,0,0,0,0.926271,0.376858,0,3
-49.9653,21.5914,0,0,0,0.930521,0.366238,0,3
-50.9237,22.3843,0,0,0,0.936312,0.35117,0,3
-52.0025,23.1822,0,0,0,0.941075,0.338197,0,3
-52.936,24.0397,0,0,0,0.933486,0.358615,0,3
-53.8768,24.9949,0,0,0,0.921654,0.388013,0,3
-54.8841,25.842,0,0,0,0.935515,0.353287,0,3
-55.7558,26.6629,0,0,0,0.938649,0.344873,0,3
-56.631,27.4655,0,0,0,0.938888,0.344224,0,3
-57.5741,28.3147,0,0,0,0.930873,0.365342,0,3
-58.5401,29.2286,0,0,0,0.92259,0.385782,0,3
-59.4408,30.1053,0,0,0,0.917494,0.39775,0,3
-60.3418,31.0134,0,0,0,0.927097,0.374822,0,3
-61.3465,31.8061,0,0,0,0.940342,0.340231,0,3
-62.3963,32.4709,0,0,0,0.94382,0.33046,0,3
-63.4069,33.293,0,0,0,0.938675,0.344802,0,3
-64.3027,34.1341,0,0,0,0.928346,0.371718,0,3
-65.1993,35.0453,0,0,0,0.914353,0.404918,0,3
-66.0753,36.1265,0,0,0,0.874311,0.485365,0,3
-66.6662,37.2778,0,0,0,0.813799,0.581146,0,3
-66.8783,38.3042,0,0,0,0.714225,0.699916,0,3
-66.7937,39.7401,0,0,0,0.595129,0.80363,0,3
-66.5001,40.7638,0,0,0,0.563943,0.825814,0,3
-66.0677,41.7641,0,0,0,0.531914,0.846798,0,3
-65.5773,42.7346,0,0,0,0.52389,0.851786,0,3
-65.0557,43.6843,0,0,0,0.500443,0.86577,0,3
-64.5197,44.7369,0,0,0,0.515653,0.856798,0,3
-64.0177,45.7049,0,0,0,0.50426,0.863552,0,3
-63.4962,46.702,0,0,0,0.544138,0.838996,0,3
-63.1532,47.678,0,0,0,0.587889,0.808942,0,3
-62.929,48.7141,0,0,0,0.594957,0.803758,0,3
-62.6941,49.7722,0,0,0,0.559484,0.828841,0,3
-62.1096,50.8046,0,0,0,0.418191,0.908359,0,3
-61.2815,51.844,0,0,0,0.386645,0.922229,0,3
-60.3132,52.8991,0,0,0,0.371245,0.928535,0,3
-59.3429,53.8636,0,0,0,0.368067,0.929799,0,3
-58.344,54.9095,0,0,0,0.397389,0.91765,0,3
-57.4116,55.8966,0,0,0,0.390693,0.920521,0,3
-56.4506,56.92,0,0,0,0.398624,0.917115,0,3
-55.8459,58.92,0,0,0,0.392444,0.919776,0,3
-54.9065,60.0126,0,0,0,0.406967,0.913443,0,3
-54.1598,61.0982,0,0,0,0.390501,0.920603,0,3
-53.0158,62.1371,0,0,0,0.360662,0.932697,0,3
-52.1605,62.9984,0,0,0,0.382826,0.92382,0,3
-51.1646,64.0547,0,0,0,0.408275,0.912859,0,3
-50.2243,65.0287,0,0,0,0.367968,0.929838,0,3
-49.2797,65.8598,0,0,0,0.36259,0.931949,0,3
-48.3553,66.885,0,0,0,0.370237,0.928937,0,3
-47.3503,67.8988,0,0,0,0.38207,0.924133,0,3
-46.3817,68.9312,0,0,0,0.378844,0.925461,0,3
-45.354,69.9513,0,0,0,0.39206,0.91994,0,3
-44.4,70.8391,0,0,0,0.402303,0.915506,0,3
-43.3394,71.8743,0,0,0,0.393277,0.91942,0,3
-42.5002,72.6784,0,0,0,0.367631,0.929972,0,3
-41.5622,73.5933,0,0,0,0.370738,0.928738,0,3
-40.5902,74.6299,0,0,0,0.3994,0.916777,0,3
-39.83,75.4716,0,0,0,0.385439,0.922733,0,3
-38.8669,76.4521,0,0,0,0.377949,0.925826,0,3
-37.9709,77.3711,0,0,0,0.377142,0.926155,0,3
-37.096,78.322,0,0,0,0.365413,0.930845,0,3
-36.1927,79.2056,0,0,0,0.388304,0.921531,0,3
-35.1988,80.24,0,0,0,0.385865,0.922555,0,3
-34.2869,81.2383,0,0,0,0.388618,0.921399,0,3
-33.5001,81.981,0,0,0,0.38738,0.92192,0,3
-32.674,82.9813,0,0,0,0.384269,0.923221,0,3
-31.9005,83.9685,0,0,0,0.426414,0.904528,0,3
-31.2061,85.0056,0,0,0,0.487209,0.873285,0,3
-30.7671,86.1105,0,0,0,0.557984,0.829852,0,3
-30.2782,87.4383,0,0,0,0.5529,0.833248,0,3
-29.5125,88.63,0,0,0,0.508578,0.861016,0,3
-28.7305,89.7779,0,0,0,0.413947,0.910301,0,3
-27.8203,90.7841,0,0,0,0.38413,0.923279,0,3
-26.9149,91.5275,0,0,0,0.386919,0.922114,0,3
-26.0308,92.3376,0,0,0,0.438226,0.898865,0,3
-25.1754,93.2989,0,0,0,0.401225,0.91598,0,3
-24.3043,94.1869,0,0,0,0.395278,0.918561,0,3
-23.4352,95.108,0,0,0,0.389317,0.921104,0,3
-22.6179,96.0442,0,0,0,0.392638,0.919693,0,3
-21.8526,97.0387,0,0,0,0.400808,0.916162,0,3
-21.1491,98.1105,0,0,0,0.379642,0.925134,0,3
-20.4714,98.9345,0,0,0,0.385361,0.922766,0,3
-19.6717,99.877,0,0,0,0.377911,0.925842,0,3
-19.0567,101.053,0,0,0,0.371253,0.928532,0,3
-18.103,102.44,0,0,0,0.386335,0.922359,0,3
-17.2081,103.569,0,0,0,0.392179,0.919889,0,3
-16.44,104.282,0,0,0,0.407724,0.913105,0,3
-15.7764,105.156,0,0,0,0.415423,0.909628,0,3
-15.1459,105.861,0,0,0,0.406645,0.913586,0,3
-14.4273,106.695,0,0,0,0.399438,0.91676,0,3
-13.5437,107.413,0,0,0,0.399799,0.916603,0,3
-12.7627,108.202,0,0,0,0.393966,0.919125,0,3
-11.6343,108.924,0,0,0,0.37071,0.928749,0,3
-10.6438,109.791,0,0,0,0.367031,0.930209,0,3
-9.84126,110.591,0,0,0,0.376235,0.926524,0,3
-9.06685,111.357,0,0,0,0.373526,0.92762,0,3
-8.179,112.196,0,0,0,0.376278,0.926507,0,3
-7.38264,112.917,0,0,0,0.371582,0.9284,0,3
-6.59335,113.772,0,0,0,0.383524,0.923531,0,3
-5.89471,114.662,0,0,0,0.381234,0.924478,0,3
-5.08216,115.642,0,0,0,0.403366,0.915039,0,3
-4.38518,116.418,0,0,0,0.397182,0.91774,0,3
-3.50661,117.269,0,0,0,0.391408,0.920217,0,3
-2.86658,118.046,0,0,0,0.372357,0.928089,0,3
-2.09769,118.85,0,0,0,0.362291,0.932065,0,3
-1.47657,119.322,0,0,0,0.361927,0.932207,0,3
-0.481225,120.215,0,0,0,0.372201,0.928152,0,3
0.308017,120.997,0,0,0,0.405506,0.914092,0,3
1.04801,121.879,0,0,0,0.395232,0.918581,0,3
1.88127,122.709,0,0,0,0.392689,0.919671,0,3
2.60756,123.499,0,0,0,0.368105,0.929784,0,3
3.27334,124.286,0,0,0,0.37217,0.928164,0,3
4.1574,125.183,0,0,0,0.375654,0.92676,0,3
5.09413,126.012,0,0,0,0.378843,0.925461,0,3
5.80329,126.696,0,0,0,0.377909,0.925843,0,3
6.44481,127.426,0,0,0,0.355137,0.934814,0,3
7.1827,128.218,0,0,0,0.359529,0.933134,0,3
8.09142,128.988,0,0,0,0.356908,0.93414,0,3
8.82618,129.655,0,0,0,0.354689,0.934984,0,3
9.49477,130.382,0,0,0,0.365538,0.930796,0,3
10.298,130.982,0,0,0,0.372927,0.927861,0,3
11.0817,131.733,0,0,0,0.352368,0.935862,0,3
11.767,132.591,0,0,0,0.36225,0.932081,0,3
12.4541,133.237,0,0,0,0.351754,0.936092,0,3
13.2982,134.126,0,0,0,0.378178,0.925733,0,3
14.1091,134.563,0,0,0,0.37523,0.926932,0,3
14.925,135.447,0,0,0,0.361233,0.932476,0,3
15.8179,136.353,0,0,0,0.361799,0.932256,0,3
16.4873,137.156,0,0,0,0.333007,0.942924,0,3
17.3975,137.772,0,0,0,0.333374,0.942795,0,3
18.1612,138.447,0,0,0,0.353803,0.93532,0,3
19.0192,139.322,0,0,0,0.368036,0.929812,0,3
19.8209,140.084,0,0,0,0.38251,0.923951,0,3
20.5196,140.774,0,0,0,0.373174,0.927761,0,3
21.3235,141.624,0,0,0,0.3622,0.9321,0,3
22.0573,142.262,0,0,0,0.382968,0.923762,0,3
22.833,143.074,0,0,0,0.383778,0.923425,0,3
23.6105,143.754,0,0,0,0.370204,0.928951,0,3
24.2819,144.548,0,0,0,0.381159,0.924509,0,3
24.8888,145.28,0,0,0,0.364131,0.931348,0,3
25.6403,146.305,0,0,0,0.35687,0.934154,0,3
26.1666,147.168,0,0,0,0.36275,0.931886,0,3
27.6985,147.024,0,0,0,0.356257,0.934388,0,3
28.4311,147.777,0,0,0,0.34984,0.936809,0,3
29.19,148.439,0,0,0,0.316826,0.948484,0,3
30.0672,149.062,0,0,0,0.255443,0.966824,0,3
30.9904,149.592,0,0,0,0.246394,0.96917,0,3
31.8782,150.2,0,0,0,0.291675,0.956518,0,3
32.7404,150.83,0,0,0,0.308106,0.951352,0,3
33.5554,151.449,0,0,0,0.311243,0.95033,0,3
34.9157,152.177,0,0,0,0.155041,0.987908,0,3
35.9039,152.622,0,0,0,0.215799,0.976438,0,3
36.9052,153.072,0,0,0,0.202932,0.979193,0,3
37.95,153.458,0,0,0,0.152486,0.988306,0,3
38.9493,153.867,0,0,0,0.239919,0.970793,0,3
39.8155,154.418,0,0,0,0.293249,0.956036,0,3
41.0553,155.284,0,0,0,0.308919,0.951088,0,3
41.8937,155.897,0,0,0,0.318164,0.948036,0,3
42.6469,156.668,0,0,0,0.432751,0.901513,0,3
43.3384,157.524,0,0,0,0.389857,0.920875,0,3
44.138,158.295,0,0,0,0.359611,0.933102,0,3
45.2361,159.323,0,0,0,0.350569,0.936537,0,3
45.9791,160.037,0,0,0,0.35801,0.933718,0,3
46.7494,160.727,0,0,0,0.35248,0.93582,0,3
47.4963,161.421,0,0,0,0.380821,0.924649,0,3
48.2316,162.138,0,0,0,0.352048,0.935982,0,3
49.0433,162.81,0,0,0,0.322105,0.946704,0,3
50.1441,163.757,0,0,0,0.335406,0.942074,0,3
51.3263,164.727,0,0,0,0.30024,0.953864,0,3
52.4113,165.472,0,0,0,0.305153,0.952303,0,3
53.5205,166.427,0,0,0,0.382144,0.924103,0,3
54.4702,167.595,0,0,0,0.408218,0.912884,0,3
55.4625,168.667,0,0,0,0.385599,0.922667,0,3
56.1824,169.369,0,0,0,0.368435,0.929654,0,3
57.1848,170.395,0,0,0,0.37279,0.927916,0,3
58.2254,171.367,0,0,0,0.346762,0.937953,0,3
58.9596,172.056,0,0,0,0.334754,0.942306,0,3
59.9428,172.946,0,0,0,0.381609,0.924324,0,3
60.7349,173.872,0,0,0,0.397673,0.917527,0,3
61.4866,174.619,0,0,0,0.343517,0.939147,0,3
62.4915,175.653,0,0,0,0.345156,0.938545,0,3
63.3593,176.369,0,0,0,0.325557,0.945523,0,3
64.0512,177.097,0,0,0,0.437656,0.899143,0,3
64.7314,177.95,0,0,0,0.420474,0.907304,0,3
65.337,178.833,0,0,0,0.429263,0.90318,0,3
66.0927,179.646,0,0,0,0.386159,0.922432,0,3
66.9281,180.64,0,0,0,0.41045,0.911883,0,3
67.5845,181.51,0,0,0,0.448242,0.893912,0,3
68.1095,182.513,0,0,0,0.491928,0.870636,0,3
68.779,183.619,0,0,0,0.392573,0.919721,0,3
69.57,184.457,0,0,0,0.429385,0.903121,0,3
70.2119,185.252,0,0,0,0.432635,0.901569,0,3
70.8341,186.082,0,0,0,0.41607,0.909333,0,3
71.5969,186.888,0,0,0,0.353551,0.935415,0,3
72.5369,187.66,0,0,0,0.31625,0.948676,0,3
73.6768,188.331,0,0,0,0.152132,0.98836,0,3
74.7484,188.417,0,0,0,-0.0595242,0.998227,0,3
75.7526,188.346,0,0,0,-0.0405084,0.999179,0,3
76.8583,188.475,0,0,0,0.132731,0.991152,0,3
78.0973,189.08,0,0,0,0.274975,0.961451,0,3
79.1405,189.858,0,0,0,0.357666,0.93385,0,3
80.0273,190.672,0,0,0,0.339177,0.940723,0,3
80.9915,191.443,0,0,0,0.329034,0.944318,0,3
81.9757,192.297,0,0,0,0.362651,0.931925,0,3
82.8497,193.202,0,0,0,0.355281,0.93476,0,3
83.7185,194.031,0,0,0,0.359305,0.93322,0,3
84.7149,194.879,0,0,0,0.339748,0.940516,0,3
85.622,195.789,0,0,0,0.366483,0.930425,0,3
86.484,196.631,0,0,0,0.365682,0.93074,0,3
87.3503,197.461,0,0,0,0.345823,0.9383,0,3
88.243,198.282,0,0,0,0.35449,0.93506,0,3
89.1946,199.149,0,0,0,0.346767,0.937951,0,3
90.235,200.006,0,0,0,0.336026,0.941853,0,3
91.1475,200.901,0,0,0,0.335815,0.941928,0,3
92.2317,201.812,0,0,0,0.338127,0.941101,0,3
93.2767,202.733,0,0,0,0.34103,0.940053,0,3
94.3186,203.667,0,0,0,0.362213,0.932095,0,3
95.2684,204.609,0,0,0,0.370688,0.928757,0,3
96.311,205.528,0,0,0,0.329719,0.944079,0,3
97.3941,206.444,0,0,0,0.35628,0.934379,0,3
98.2977,207.358,0,0,0,0.373997,0.92743,0,3
99.2659,208.225,0,0,0,0.354325,0.935122,0,3
100.25,209.098,0,0,0,0.324707,0.945815,0,3
101.304,210.005,0,0,0,0.325719,0.945467,0,3
102.392,210.89,0,0,0,0.304165,0.95262,0,3
103.467,211.77,0,0,0,0.299592,0.954067,0,3
104.618,212.538,0,0,0,0.18845,0.982083,0,3
105.688,212.705,0,0,0,-0.134778,0.990876,0,3
106.72,212.245,0,0,0,-0.332629,0.943058,0,3
107.655,211.381,0,0,0,-0.435107,0.900379,0,3
108.477,210.279,0,0,0,-0.462522,0.886608,0,3
109.367,209.207,0,0,0,-0.448466,0.8938,0,3
110.224,208.503,0,0,0,-0.166187,0.986094,0,3
111.308,208.522,0,0,0,-0.0241211,0.999709,0,3
112.363,208.425,0,0,0,-0.0208607,0.999782,0,3
113.381,208.445,0,0,0,0.00973479,0.999953,0,3
114.389,208.531,0,0,0,0.0218758,0.999761,0,3
115.417,208.623,0,0,0,-0.00631145,0.99998,0,3
116.48,208.568,0,0,0,-0.0503002,0.998734,0,3
117.509,208.504,0,0,0,-0.0354398,0.999372,0,3
118.577,208.466,0,0,0,-0.0628165,0.998025,0,3
119.594,208.328,0,0,0,-0.11339,0.993551,0,3
120.673,207.983,0,0,0,-0.209722,0.977761,0,3
121.683,207.427,0,0,0,-0.302504,0.953148,0,3
122.66,206.563,0,0,0,-0.407079,0.913393,0,3
123.613,205.605,0,0,0,-0.391081,0.920356,0,3
124.686,204.624,0,0,0,-0.396553,0.918012,0,3
125.562,203.701,0,0,0,-0.460824,0.887492,0,3
126.331,202.68,0,0,0,-0.455502,0.890235,0,3
126.982,201.724,0,0,0,-0.500689,0.865627,0,3
127.745,200.752,0,0,0,-0.497916,0.867226,0,3
128.395,199.79,0,0,0,-0.505661,0.862733,0,3
129.058,198.788,0,0,0,-0.466933,0.884292,0,3
129.758,197.825,0,0,0,-0.457442,0.88924,0,3
130.497,196.947,0,0,0,-0.456091,0.889933,0,3
131.311,196.086,0,0,0,-0.410629,0.911802,0,3
132.35,195.335,0,0,0,-0.364145,0.931342,0,3
133.326,194.642,0,0,0,-0.399874,0.91657,0,3
134.008,193.682,0,0,0,-0.50845,0.861092,0,3
134.422,192.731,0,0,0,-0.550768,0.834659,0,3
134.769,191.679,0,0,0,-0.566175,0.824285,0,3
135.116,190.72,0,0,0,-0.576449,0.817133,0,3
135.601,189.368,0,0,0,-0.507712,0.861527,0,3
136.166,188.458,0,0,0,-0.480406,0.877046,0,3
136.804,187.529,0,0,0,-0.494428,0.869219,0,3
137.29,186.639,0,0,0,-0.525412,0.850848,0,3
137.767,185.729,0,0,0,-0.5335,0.8458,0,3
138.222,184.791,0,0,0,-0.525817,0.850597,0,3
138.748,183.855,0,0,0,-0.50475,0.863266,0,3
139.275,182.878,0,0,0,-0.517498,0.855684,0,3
139.79,181.921,0,0,0,-0.527081,0.849815,0,3
140.247,180.97,0,0,0,-0.521322,0.85336,0,3
140.8,180.025,0,0,0,-0.470979,0.882145,0,3
141.5,179.129,0,0,0,-0.438857,0.898557,0,3
142.227,178.193,0,0,0,-0.431427,0.902148,0,3
142.898,177.326,0,0,0,-0.426181,0.904638,0,3
143.731,176.433,0,0,0,-0.426426,0.904522,0,3
144.463,175.553,0,0,0,-0.434348,0.900745,0,3
145.174,174.604,0,0,0,-0.457671,0.889121,0,3
145.814,173.727,0,0,0,-0.437599,0.89917,0,3
146.595,172.883,0,0,0,-0.337467,0.941337,0,3
147.726,172.214,0,0,0,-0.179211,0.983811,0,3
148.839,171.918,0,0,0,-0.118184,0.992992,0,3
149.931,171.719,0,0,0,-0.0362174,0.999344,0,3
150.975,171.791,0,0,0,0.0132469,0.999912,0,3
151.986,172.005,0,0,0,0.116149,0.993232,0,3
152.953,172.289,0,0,0,0.203431,0.979089,0,3
153.919,172.675,0,0,0,0.198634,0.980074,0,3
154.873,173.065,0,0,0,0.201694,0.979449,0,3
155.831,173.508,0,0,0,0.213416,0.976961,0,3
156.794,173.965,0,0,0,0.238581,0.971123,0,3
157.731,174.502,0,0,0,0.254578,0.967052,0,3
158.716,175.034,0,0,0,0.246895,0.969042,0,3
159.65,175.511,0,0,0,0.219604,0.975589,0,3
160.59,175.972,0,0,0,0.222034,0.975039,0,3
161.499,176.428,0,0,0,0.22581,0.974171,0,3
162.44,176.88,0,0,0,0.218219,0.9759,0,3
163.389,177.382,0,0,0,0.23145,0.972847,0,3
164.28,177.905,0,0,0,0.253743,0.967272,0,3
165.162,178.478,0,0,0,0.27132,0.962489,0,3
166.128,179.032,0,0,0,0.254013,0.967201,0,3
167.081,179.635,0,0,0,0.287945,0.957647,0,3
167.974,180.195,0,0,0,0.297994,0.954568,0,3
168.87,180.883,0,0,0,0.323478,0.946236,0,3
169.765,181.514,0,0,0,0.280812,0.959763,0,3
170.64,182.092,0,0,0,0.280459,0.959866,0,3
171.512,182.721,0,0,0,0.313117,0.949715,0,3
172.301,183.371,0,0,0,0.315572,0.948902,0,3
173.177,183.962,0,0,0,0.277818,0.960634,0,3
174.039,184.511,0,0,0,0.303201,0.952927,0,3
174.845,185.11,0,0,0,0.3056,0.95216,0,3
175.75,185.78,0,0,0,0.295393,0.955376,0,3
176.705,186.401,0,0,0,0.277049,0.960856,0,3
177.655,186.971,0,0,0,0.278164,0.960534,0,3
178.875,187.806,0,0,0,0.274863,0.961484,0,3
179.758,188.432,0,0,0,0.292747,0.95619,0,3
180.662,189.065,0,0,0,0.295479,0.955349,0,3
181.563,189.694,0,0,0,0.312314,0.949979,0,3
182.403,190.342,0,0,0,0.326081,0.945342,0,3
183.264,191.114,0,0,0,0.35659,0.934261,0,3
184.103,191.832,0,0,0,0.328666,0.944446,0,3
184.92,192.573,0,0,0,0.382413,0.923992,0,3
185.681,193.452,0,0,0,0.415891,0.909414,0,3
186.433,194.407,0,0,0,0.446102,0.894982,0,3
187.094,195.432,0,0,0,0.479266,0.87767,0,3
187.734,196.508,0,0,0,0.494432,0.869216,0,3
188.31,197.618,0,0,0,0.512419,0.858736,0,3
188.944,198.694,0,0,0,0.497813,0.867284,0,3
189.576,199.735,0,0,0,0.489897,0.87178,0,3
190.215,200.766,0,0,0,0.503735,0.863859,0,3
190.794,201.921,0,0,0,0.539125,0.842226,0,3
191.098,203.218,0,0,0,0.672761,0.73986,0,3
191.17,204.429,0,0,0,0.693342,0.720609,0,3
191.257,205.709,0,0,0,0.663287,0.748365,0,3
191.589,207.058,0,0,0,0.572389,0.819982,0,3
192.101,208.224,0,0,0,0.510032,0.860155,0,3
192.632,209.31,0,0,0,0.499818,0.866131,0,3
193.233,210.343,0,0,0,0.477488,0.878638,0,3
193.88,211.293,0,0,0,0.45858,0.888653,0,3
194.498,212.226,0,0,0,0.444269,0.895894,0,3
195.234,213.097,0,0,0,0.411572,0.911377,0,3
195.91,213.971,0,0,0,0.421092,0.907018,0,3
196.607,214.777,0,0,0,0.411734,0.911304,0,3
197.337,215.588,0,0,0,0.400715,0.916203,0,3
198.005,216.411,0,0,0,0.399706,0.916644,0,3
198.701,217.205,0,0,0,0.405961,0.91389,0,3
199.412,217.977,0,0,0,0.394118,0.91906,0,3
200.19,218.743,0,0,0,0.360521,0.932751,0,3
200.998,219.446,0,0,0,0.319832,0.947474,0,3
201.835,220.014,0,0,0,0.257335,0.966322,0,3
202.752,220.51,0,0,0,0.21045,0.977605,0,3
203.709,220.88,0,0,0,0.164896,0.986311,0,3
204.702,221.224,0,0,0,0.158603,0.987343,0,3
205.727,221.525,0,0,0,0.119173,0.992874,0,3
206.815,221.75,0,0,0,0.0857776,0.996314,0,3
207.904,221.943,0,0,0,0.0756806,0.997132,0,3
209.02,222.113,0,0,0,0.0709377,0.997481,0,3
210.144,222.262,0,0,0,0.0449234,0.99899,0,3
211.345,222.408,0,0,0,0.0108831,0.999941,0,3
212.659,222.411,0,0,0,-0.00363862,0.999993,0,3
213.93,222.47,0,0,0,0.0275572,0.99962,0,3
215.087,222.7,0,0,0,0.0843739,0.996434,0,3
216.204,222.899,0,0,0,0.073114,0.997324,0,3
217.396,223.046,0,0,0,0.0467311,0.998908,0,3
218.576,223.251,0,0,0,0.0430838,0.999071,0,3
219.793,223.416,0,0,0,0.0540981,0.998536,0,3
220.989,223.557,0,0,0,0.0448709,0.998993,0,3
222.203,223.692,0,0,0,0.0539463,0.998544,0,3
223.364,223.834,0,0,0,0.0373176,0.999303,0,3
224.557,223.833,0,0,0,-0.0088341,0.999961,0,3
225.811,223.939,0,0,0,0.00760115,0.999971,0,3
226.976,224.04,0,0,0,0.0524554,0.998623,0,3
228.117,224.233,0,0,0,-0.109232,0.994016,0,3
229.203,223.827,0,0,0,-0.254388,0.967102,0,3
230.295,223.575,0,0,0,-0.178488,0.983942,0,3
231.54,223.337,0,0,0,-0.00874422,0.999962,0,3
232.808,223.41,0,0,0,0.116182,0.993228,0,3
233.749,223.877,0,0,0,0.318431,0.947946,0,3
234.459,224.666,0,0,0,0.516856,0.856072,0,3
234.756,225.881,0,0,0,0.691857,0.722035,0,3
234.561,227.088,0,0,0,0.816669,0.577107,0,3
234.056,228.014,0,0,0,0.890854,0.45429,0,3
233.346,228.832,0,0,0,0.925825,0.377952,0,3
232.514,229.546,0,0,0,0.943347,0.331808,0,3
231.663,230.203,0,0,0,0.941441,0.337177,0,3
230.891,230.889,0,0,0,0.88618,0.46334,0,3
230.106,232.078,0,0,0,0.884647,0.466262,0,3
229.43,232.97,0,0,0,0.894373,0.447321,0,3
228.735,233.76,0,0,0,0.904493,0.426489,0,3
228.046,234.59,0,0,0,0.902515,0.430658,0,3
227.011,235.767,0,0,0,0.911376,0.411575,0,3
226.304,236.633,0,0,0,0.880806,0.473477,0,3
225.638,237.459,0,0,0,0.89015,0.455667,0,3
224.946,238.289,0,0,0,0.90669,0.421798,0,3
224.258,239.083,0,0,0,0.907756,0.419498,0,3
223.552,239.873,0,0,0,0.900621,0.434605,0,3
222.829,240.654,0,0,0,0.907204,0.420691,0,3
222.128,241.413,0,0,0,0.887074,0.461626,0,3
221.457,242.258,0,0,0,0.894706,0.446655,0,3
220.88,243.153,0,0,0,0.885725,0.464211,0,3
220.258,243.993,0,0,0,0.894985,0.446096,0,3
219.498,244.751,0,0,0,0.896945,0.442141,0,3
218.859,245.535,0,0,0,0.893484,0.449094,0,3
218.212,246.391,0,0,0,0.891873,0.452286,0,3
217.55,247.147,0,0,0,0.895954,0.444147,0,3
216.882,247.924,0,0,0,0.903242,0.429131,0,3
216.177,248.656,0,0,0,0.94687,0.321617,0,3
214.975,249.451,0,0,0,0.965533,0.26028,0,3
214.097,249.969,0,0,0,0.967163,0.254157,0,3
213.088,250.442,0,0,0,0.974666,0.223665,0,3
212.139,250.875,0,0,0,0.936829,0.349787,0,3
211.39,251.555,0,0,0,0.906862,0.421427,0,3
210.732,252.359,0,0,0,0.901169,0.433468,0,3
209.706,253.44,0,0,0,0.922828,0.385213,0,3
208.997,254.22,0,0,0,0.906577,0.42204,0,3
208.251,254.993,0,0,0,0.914164,0.405345,0,3
207.572,255.741,0,0,0,0.908402,0.418097,0,3
206.668,257.011,0,0,0,0.888087,0.459675,0,3
206.038,257.867,0,0,0,0.898789,0.438381,0,3
205.309,258.579,0,0,0,0.907707,0.419604,0,3
204.645,259.349,0,0,0,0.899004,0.43794,0,3
203.953,260.208,0,0,0,0.907578,0.419883,0,3
203.26,260.995,0,0,0,0.904236,0.427032,0,3
202.496,261.772,0,0,0,0.912279,0.409568,0,3
201.785,262.549,0,0,0,0.909529,0.415641,0,3
201.061,263.4,0,0,0,0.906601,0.421989,0,3
200.361,264.243,0,0,0,0.913616,0.406578,0,3
199.654,265.092,0,0,0,0.908102,0.418749,0,3
198.951,265.817,0,0,0,0.922835,0.385195,0,3
198.244,266.64,0,0,0,0.906185,0.422881,0,3
197.226,267.805,0,0,0,0.924005,0.38238,0,3
196.449,268.464,0,0,0,0.940041,0.341063,0,3
195.642,269.18,0,0,0,0.945746,0.324907,0,3
194.838,269.804,0,0,0,0.934723,0.355376,0,3
194.1,270.609,0,0,0,0.887458,0.460889,0,3
193.476,271.524,0,0,0,0.901558,0.432659,0,3
192.822,272.385,0,0,0,0.896363,0.443321,0,3
192.165,273.236,0,0,0,0.893347,0.449368,0,3
191.461,273.983,0,0,0,0.909099,0.416581,0,3
190.799,274.733,0,0,0,0.927364,0.374162,0,3
189.976,275.357,0,0,0,0.954235,0.299056,0,3
189.075,275.856,0,0,0,0.987184,0.159586,0,3
187.947,276.03,0,0,0,0.999999,0.001303,0,3
187.276,276.022,0,0,0,-0.999814,0.0192653,0,3
185.984,275.838,0,0,0,-0.994447,0.105237,0,3
184.815,275.412,0,0,0,-0.983423,0.181324,0,3
183.79,274.894,0,0,0,-0.976182,0.216953,0,3
182.818,274.338,0,0,0,-0.958486,0.285138,0,3
181.919,273.725,0,0,0,-0.950587,0.310459,0,3
181.011,273.114,0,0,0,-0.952309,0.305136,0,3
180.21,272.344,0,0,0,-0.938393,0.345569,0,3
179.452,271.522,0,0,0,-0.924393,0.381442,0,3
178.713,270.763,0,0,0,-0.94247,0.334291,0,3
177.863,270.066,0,0,0,-0.949762,0.312973,0,3
176.935,269.322,0,0,0,-0.944234,0.329274,0,3
176.095,268.608,0,0,0,-0.941285,0.337613,0,3
175.303,267.947,0,0,0,-0.936814,0.349827,0,3
174.478,267.24,0,0,0,-0.943534,0.331275,0,3
173.672,266.535,0,0,0,-0.941388,0.337325,0,3
172.923,265.858,0,0,0,-0.941064,0.338229,0,3
172.098,265.164,0,0,0,-0.947465,0.319859,0,3
171.298,264.495,0,0,0,-0.944629,0.32814,0,3
170.486,263.795,0,0,0,-0.940779,0.339022,0,3
169.708,263.126,0,0,0,-0.936408,0.350914,0,3
168.883,262.455,0,0,0,-0.938819,0.344411,0,3
168.068,261.775,0,0,0,-0.943946,0.330099,0,3
167.217,261.159,0,0,0,-0.949258,0.3145,0,3
166.363,260.471,0,0,0,-0.944042,0.329826,0,3
165.536,259.763,0,0,0,-0.945077,0.326849,0,3
164.693,259.1,0,0,0,-0.944756,0.327774,0,3
163.871,258.451,0,0,0,-0.945258,0.326324,0,3
163.02,257.7,0,0,0,-0.933891,0.357557,0,3
162.243,256.976,0,0,0,-0.931649,0.363358,0,3
161.521,256.252,0,0,0,-0.93683,0.349786,0,3
160.68,255.629,0,0,0,-0.948694,0.316194,0,3
159.845,254.96,0,0,0,-0.935539,0.353223,0,3
159.058,254.282,0,0,0,-0.936491,0.350691,0,3
158.205,253.634,0,0,0,-0.95351,0.301361,0,3
156.995,252.738,0,0,0,-0.946891,0.321555,0,3
156.152,252.07,0,0,0,-0.949132,0.314879,0,3
155.264,251.501,0,0,0,-0.959134,0.282954,0,3
154.33,250.983,0,0,0,-0.980999,0.194014,0,3
153.129,250.749,0,0,0,-0.999989,0.00471682,0,3
152.473,250.886,0,0,0,0.995281,0.0970333,0,3
151.33,251.145,0,0,0,0.989571,0.144044,0,3
150.249,251.361,0,0,0,0.976641,0.214876,0,3
149.1,251.92,0,0,0,0.999182,0.0404447,0,3
147.817,251.928,0,0,0,0.998534,-0.0541344,0,3
146.708,251.847,0,0,0,0.994803,-0.101819,0,3
145.462,251.545,0,0,0,0.996459,0.0840787,0,3
144.335,251.713,0,0,0,0.99707,0.0764968,0,3
143.187,251.927,0,0,0,0.971618,0.236554,0,3
141.821,252.536,0,0,0,0.902957,0.42973,0,3
141.121,253.434,0,0,0,0.884333,0.466856,0,3
140.483,254.294,0,0,0,0.901248,0.433304,0,3
139.779,255.105,0,0,0,0.90005,0.435787,0,3
139.068,255.894,0,0,0,0.902426,0.430845,0,3
138.387,256.756,0,0,0,0.893119,0.449821,0,3
137.711,257.63,0,0,0,0.874171,0.485619,0,3
137.018,258.597,0,0,0,0.888326,0.459214,0,3
136.438,259.432,0,0,0,0.897709,0.440588,0,3
135.753,260.247,0,0,0,0.898139,0.439712,0,3
134.826,261.346,0,0,0,0.899493,0.436936,0,3
134.103,262.122,0,0,0,0.906708,0.42176,0,3
133.379,262.901,0,0,0,0.896836,0.442364,0,3
132.663,263.758,0,0,0,0.897043,0.441943,0,3
131.938,264.635,0,0,0,0.892052,0.451933,0,3
131.244,265.524,0,0,0,0.902657,0.430361,0,3
130.494,266.392,0,0,0,0.897828,0.440346,0,3
129.824,267.285,0,0,0,0.890698,0.454595,0,3
129.101,268.105,0,0,0,0.903255,0.429105,0,3
128.39,268.946,0,0,0,0.901011,0.433797,0,3
127.65,269.816,0,0,0,0.910085,0.414421,0,3
126.883,270.658,0,0,0,0.901567,0.43264,0,3
126.134,271.474,0,0,0,0.905173,0.425043,0,3
125.364,272.287,0,0,0,0.910935,0.41255,0,3
124.552,273.157,0,0,0,0.902733,0.430201,0,3
123.812,273.987,0,0,0,0.905567,0.424203,0,3
123.054,274.855,0,0,0,0.901623,0.432523,0,3
122.305,275.75,0,0,0,0.903687,0.428195,0,3
121.505,276.644,0,0,0,0.903178,0.429267,0,3
120.712,277.563,0,0,0,0.89932,0.437291,0,3
119.934,278.488,0,0,0,0.900766,0.434305,0,3
119.176,279.422,0,0,0,0.901245,0.433309,0,3
118.438,280.389,0,0,0,0.90077,0.434297,0,3
117.606,281.289,0,0,0,0.907649,0.41973,0,3
116.79,282.253,0,0,0,0.904282,0.426935,0,3
115.979,283.148,0,0,0,0.905886,0.423523,0,3
115.208,284.085,0,0,0,0.898135,0.439721,0,3
114.454,285.094,0,0,0,0.893706,0.448654,0,3
113.609,286.115,0,0,0,0.900759,0.43432,0,3
112.725,287.099,0,0,0,0.89753,0.440954,0,3
111.82,288.098,0,0,0,0.909492,0.415722,0,3
110.928,289.044,0,0,0,0.909072,0.41664,0,3
110.05,290.156,0,0,0,0.906281,0.422676,0,3
109.205,291.283,0,0,0,0.896662,0.442715,0,3
108.357,292.396,0,0,0,0.896815,0.442405,0,3
107.499,293.376,0,0,0,0.901137,0.433534,0,3
106.569,294.381,0,0,0,0.910269,0.414016,0,3
105.667,295.442,0,0,0,0.906978,0.421178,0,3
104.748,296.539,0,0,0,0.895087,0.445891,0,3
103.819,297.695,0,0,0,0.891389,0.453238,0,3
102.981,298.802,0,0,0,0.886823,0.462109,0,3
102.106,299.76,0,0,0,0.896216,0.443617,0,3
101.127,300.852,0,0,0,0.909389,0.415946,0,3
100.213,301.909,0,0,0,0.89964,0.436633,0,3
99.3599,302.966,0,0,0,0.896521,0.443002,0,3
98.6164,304.056,0,0,0,0.895884,0.444287,0,3
97.7293,305.197,0,0,0,0.885624,0.464404,0,3
96.8883,306.22,0,0,0,0.901474,0.432833,0,3
96.0456,307.156,0,0,0,0.90344,0.428714,0,3
95.1381,308.205,0,0,0,0.893403,0.449257,0,3
94.3242,309.304,0,0,0,0.891311,0.453393,0,3
93.5702,310.3,0,0,0,0.886274,0.463161,0,3
92.7467,311.442,0,0,0,0.891202,0.453607,0,3
91.9502,312.545,0,0,0,0.889924,0.456109,0,3
91.0895,313.535,0,0,0,0.893893,0.448281,0,3
90.3377,314.574,0,0,0,0.898128,0.439734,0,3
89.4805,315.602,0,0,0,0.904713,0.426021,0,3
88.5471,316.54,0,0,0,0.908203,0.41853,0,3
87.7047,317.462,0,0,0,0.908715,0.417418,0,3
86.8692,318.482,0,0,0,0.896064,0.443924,0,3
86.1173,319.47,0,0,0,0.898517,0.438939,0,3
85.2524,320.494,0,0,0,0.89991,0.436076,0,3
84.5112,321.533,0,0,0,0.887664,0.460491,0,3
83.7378,322.549,0,0,0,0.897097,0.441833,0,3
82.9094,323.49,0,0,0,0.902261,0.43119,0,3
82.1148,324.448,0,0,0,0.898463,0.43905,0,3
81.3375,325.414,0,0,0,0.893265,0.449529,0,3
80.545,326.366,0,0,0,0.898082,0.439829,0,3
79.7458,327.287,0,0,0,0.900168,0.435543,0,3
78.9724,328.34,0,0,0,0.889145,0.457626,0,3
78.2809,329.344,0,0,0,0.880131,0.474731,0,3
77.6207,330.261,0,0,0,0.883972,0.467539,0,3
76.9347,331.237,0,0,0,0.890284,0.455406,0,3
76.1869,332.189,0,0,0,0.905388,0.424584,0,3
75.4425,333.155,0,0,0,0.904362,0.426766,0,3
74.6352,334.081,0,0,0,0.901167,0.433471,0,3
73.8958,335.048,0,0,0,0.893761,0.448544,0,3
73.2036,335.979,0,0,0,0.893712,0.448641,0,3
72.4343,336.93,0,0,0,0.896806,0.442423,0,3
71.6911,337.833,0,0,0,0.89092,0.454161,0,3
70.9505,338.791,0,0,0,0.901304,0.433187,0,3
70.1413,339.698,0,0,0,0.902459,0.430776,0,3
69.3806,340.632,0,0,0,0.900411,0.43504,0,3
68.6363,341.541,0,0,0,0.905022,0.425365,0,3
67.8877,342.416,0,0,0,0.896835,0.442366,0,3
67.3017,343.348,0,0,0,0.835027,0.550209,0,3
67.1658,344.385,0,0,0,0.65192,0.758288,0,3
67.5586,345.541,0,0,0,0.496117,0.868256,0,3
68.3034,346.703,0,0,0,0.457845,0.889032,0,3
69.1093,347.806,0,0,0,0.450413,0.89282,0,3
69.769,348.98,0,0,0,0.458484,0.888703,0,3
70.5497,350.124,0,0,0,0.466558,0.88449,0,3
70.907,351.417,0,0,0,0.540665,0.841238,0,3
71.351,352.686,0,0,0,0.550288,0.834975,0,3
71.818,353.89,0,0,0,0.583063,0.812427,0,3
72.2074,355.111,0,0,0,0.614999,0.788528,0,3
72.3984,356.357,0,0,0,0.635535,0.772072,0,3
72.6348,357.572,0,0,0,0.636893,0.770953,0,3
72.7738,358.751,0,0,0,0.708216,0.705996,0,3
72.7345,359.92,0,0,0,0.747606,0.664143,0,3
72.6451,361.049,0,0,0,0.705375,0.708834,0,3
72.5878,362.159,0,0,0,0.706835,0.707379,0,3
72.6506,363.345,0,0,0,0.664401,0.747376,0,3
72.7317,364.611,0,0,0,0.684877,0.728659,0,3
72.7522,365.882,0,0,0,0.679929,0.733278,0,3
73.0054,367.243,0,0,0,0.534638,0.845081,0,3
73.7987,368.078,0,0,0,0.252418,0.967618,0,3
74.7999,368.548,0,0,0,0.0924803,0.995715,0,3
75.9859,368.704,0,0,0,0.00725981,0.999974,0,3
77.2503,368.72,0,0,0,-0.0429042,0.999079,0,3
78.5609,368.641,0,0,0,-0.0349417,0.999389,0,3
79.8466,368.56,0,0,0,-0.00924119,0.999957,0,3
81.0586,368.498,0,0,0,-0.0255737,0.999673,0,3
82.2954,368.539,0,0,0,-0.009115,0.999958,0,3
83.5352,368.513,0,0,0,-0.00970931,0.999953,0,3
84.7843,368.568,0,0,0,0.0178047,0.999841,0,3
86.0958,368.681,0,0,0,0.0579528,0.998319,0,3
87.1454,369.022,0,0,0,0.258135,0.966109,0,3
88.0222,369.597,0,0,0,0.299835,0.953991,0,3
88.8773,370.219,0,0,0,0.308228,0.951312,0,3
89.8034,370.802,0,0,0,0.213305,0.976986,0,3
90.8827,371.15,0,0,0,0.0928511,0.99568,0,3
92.0864,371.396,0,0,0,0.0825311,0.996588,0,3
93.248,371.682,0,0,0,0.111207,0.993797,0,3
94.3145,371.975,0,0,0,0.146616,0.989193,0,3
95.373,372.301,0,0,0,0.149077,0.988826,0,3
96.445,372.703,0,0,0,0.197633,0.980276,0,3
97.3811,373.056,0,0,0,0.174745,0.984614,0,3
98.4366,373.464,0,0,0,0.163004,0.986625,0,3
99.3708,373.854,0,0,0,0.231665,0.972796,0,3
100.286,374.299,0,0,0,0.2534,0.967362,0,3
101.168,374.861,0,0,0,0.272835,0.962061,0,3
102.051,375.407,0,0,0,0.295134,0.955456,0,3
102.876,376.044,0,0,0,0.3303,0.943876,0,3
103.649,376.685,0,0,0,0.357686,0.933842,0,3
104.432,377.381,0,0,0,0.325731,0.945462,0,3
105.317,378.014,0,0,0,0.281745,0.959489,0,3
106.171,378.57,0,0,0,0.26622,0.963912,0,3
107.07,379.148,0,0,0,0.284615,0.958642,0,3
107.952,379.781,0,0,0,0.294262,0.955725,0,3
108.8,380.446,0,0,0,0.315424,0.948951,0,3
109.646,381.077,0,0,0,0.294726,0.955582,0,3
110.532,381.685,0,0,0,0.285594,0.958351,0,3
111.431,382.324,0,0,0,0.273608,0.961841,0,3
112.389,382.914,0,0,0,0.240338,0.970689,0,3
113.343,383.462,0,0,0,0.26507,0.964229,0,3
114.259,384.048,0,0,0,0.274736,0.96152,0,3
115.166,384.664,0,0,0,0.311222,0.950337,0,3
116.008,385.335,0,0,0,0.317436,0.94828,0,3
116.839,385.98,0,0,0,0.291291,0.956635,0,3
117.726,386.571,0,0,0,0.295081,0.955472,0,3
118.583,387.181,0,0,0,0.288741,0.957407,0,3
119.419,387.815,0,0,0,0.318185,0.948029,0,3
120.256,388.455,0,0,0,0.320927,0.947104,0,3
121.145,389.141,0,0,0,0.29251,0.956262,0,3
122.055,389.765,0,0,0,0.278632,0.960398,0,3
122.892,390.44,0,0,0,0.286565,0.958061,0,3
123.789,391.095,0,0,0,0.268214,0.963359,0,3
124.83,391.651,0,0,0,0.178382,0.983961,0,3
126.127,392.057,0,0,0,0.0433031,0.999062,0,3
127.309,392.021,0,0,0,-0.0852745,0.996357,0,3
128.378,391.862,0,0,0,-0.0942532,0.995548,0,3
129.467,391.749,0,0,0,-0.0628914,0.99802,0,3
130.572,391.641,0,0,0,-0.0573024,0.998357,0,3
131.634,391.535,0,0,0,-0.0452498,0.998976,0,3
132.784,391.507,0,0,0,-0.0147634,0.999891,0,3
133.85,391.52,0,0,0,-0.0154037,0.999881,0,3
134.904,391.513,0,0,0,-0.0199977,0.9998,0,3
135.989,391.497,0,0,0,-0.00392823,0.999992,0,3
137.046,391.54,0,0,0,0.00478598,0.999989,0,3
138.114,391.61,0,0,0,0.0125582,0.999921,0,3
139.279,391.807,0,0,0,0.112571,0.993644,0,3
140.565,392.274,0,0,0,0.239225,0.970964,0,3
141.602,393.084,0,0,0,0.37564,0.926766,0,3
142.269,393.93,0,0,0,0.472296,0.88144,0,3
142.796,394.857,0,0,0,0.486339,0.87377,0,3
143.364,395.745,0,0,0,0.473375,0.880861,0,3
143.999,396.645,0,0,0,0.437673,0.899134,0,3
144.733,397.515,0,0,0,0.40049,0.916301,0,3
145.494,398.398,0,0,0,0.381284,0.924458,0,3
146.43,399.217,0,0,0,0.335835,0.941921,0,3
147.314,400.16,0,0,0,0.381274,0.924462,0,3
148.242,400.983,0,0,0,0.288765,0.9574,0,3
149.392,401.67,0,0,0,0.26582,0.964023,0,3
150.394,402.557,0,0,0,0.380911,0.924612,0,3
150.995,403.531,0,0,0,0.501355,0.865242,0,3
151.311,404.614,0,0,0,0.633808,0.77349,0,3
151.344,405.713,0,0,0,0.687997,0.725713,0,3
151.339,406.744,0,0,0,0.683878,0.729597,0,3
151.336,407.782,0,0,0,0.715513,0.698599,0,3
151.333,408.785,0,0,0,0.721504,0.69241,0,3
151.218,409.826,0,0,0,0.746396,0.665502,0,3
151.126,410.861,0,0,0,0.744915,0.667159,0,3
151.049,411.897,0,0,0,0.73925,0.673431,0,3
150.813,412.928,0,0,0,0.810828,0.585284,0,3
150.319,413.991,0,0,0,0.86702,0.498273,0,3
149.429,415.083,0,0,0,0.931757,0.363082,0,3
148.428,415.704,0,0,0,0.990337,0.138681,0,3
147.415,415.866,0,0,0,0.99951,0.0313036,0,3
145.957,415.943,0,0,0,0.999251,0.0387027,0,3
144.911,416.035,0,0,0,0.998467,0.0553532,0,3
143.897,416.111,0,0,0,0.998545,0.0539191,0,3
142.885,416.201,0,0,0,0.996323,0.0856711,0,3
141.858,416.595,0,0,0,0.933006,0.359861,0,3
141.22,417.55,0,0,0,0.802332,0.596878,0,3
140.993,418.605,0,0,0,0.771591,0.636119,0,3
140.795,419.595,0,0,0,0.757313,0.653052,0,3
140.518,420.577,0,0,0,0.799588,0.600548,0,3
140.024,421.548,0,0,0,0.853079,0.521782,0,3
139.453,422.505,0,0,0,0.877528,0.479525,0,3
138.667,423.494,0,0,0,0.895916,0.444223,0,3
137.897,424.394,0,0,0,0.907808,0.419386,0,3
137.064,425.361,0,0,0,0.906149,0.422959,0,3
136.219,426.311,0,0,0,0.905842,0.423616,0,3
135.33,427.314,0,0,0,0.923946,0.382524,0,3
134.243,428.255,0,0,0,0.937526,0.347914,0,3
133.176,429.169,0,0,0,0.925797,0.37802,0,3
132.296,430.151,0,0,0,0.884621,0.466311,0,3
131.565,431.108,0,0,0,0.900131,0.435619,0,3
130.642,432.004,0,0,0,0.915811,0.40161,0,3
129.619,432.928,0,0,0,0.92971,0.368293,0,3
128.557,433.632,0,0,0,0.976344,0.216221,0,3
127.46,434.006,0,0,0,0.993264,0.115875,0,3
126.4,434.081,0,0,0,-0.999079,0.0429067,0,3
125.38,433.793,0,0,0,-0.980558,0.19623,0,3
124.394,433.206,0,0,0,-0.949622,0.313399,0,3
123.492,432.489,0,0,0,-0.950138,0.311829,0,3
122.543,431.842,0,0,0,-0.946412,0.322961,0,3
121.68,431.102,0,0,0,-0.942411,0.334458,0,3
120.787,430.37,0,0,0,-0.947631,0.319368,0,3
119.846,429.644,0,0,0,-0.94685,0.321675,0,3
118.92,428.863,0,0,0,-0.942328,0.334691,0,3
117.999,428.065,0,0,0,-0.944837,0.327541,0,3
117.04,427.345,0,0,0,-0.944867,0.327454,0,3
116.144,426.599,0,0,0,-0.941096,0.338139,0,3
115.313,425.887,0,0,0,-0.943372,0.331737,0,3
114.427,425.19,0,0,0,-0.947538,0.319642,0,3
113.556,424.44,0,0,0,-0.945094,0.326799,0,3
112.663,423.638,0,0,0,-0.944341,0.328969,0,3
111.801,422.933,0,0,0,-0.94799,0.3183,0,3
110.935,422.185,0,0,0,-0.948132,0.317877,0,3
110.105,421.569,0,0,0,-0.950745,0.309975,0,3
109.258,420.935,0,0,0,-0.942292,0.334791,0,3
108.431,420.178,0,0,0,-0.925342,0.379135,0,3
107.65,419.374,0,0,0,-0.935504,0.353316,0,3
106.796,418.648,0,0,0,-0.948414,0.317035,0,3
105.924,418.002,0,0,0,-0.940631,0.339432,0,3
105.035,417.237,0,0,0,-0.939908,0.341427,0,3
104.163,416.48,0,0,0,-0.937557,0.347832,0,3
102.955,415.556,0,0,0,-0.953137,0.30254,0,3
102.062,414.855,0,0,0,-0.944756,0.327773,0,3
101.248,414.224,0,0,0,-0.944629,0.32814,0,3
100.418,413.594,0,0,0,-0.938786,0.344502,0,3
99.583,412.869,0,0,0,-0.931231,0.364429,0,3
98.7689,412.134,0,0,0,-0.935841,0.352423,0,3
97.9172,411.462,0,0,0,-0.947608,0.319435,0,3
97.0353,410.813,0,0,0,-0.949224,0.3146,0,3
96.1721,410.139,0,0,0,-0.946488,0.322739,0,3
95.3111,409.466,0,0,0,-0.945424,0.325844,0,3
94.4752,408.706,0,0,0,-0.941355,0.337419,0,3
93.6608,407.975,0,0,0,-0.942567,0.334016,0,3
92.8141,407.269,0,0,0,-0.945766,0.324849,0,3
92.0259,406.577,0,0,0,-0.946261,0.323403,0,3
91.2053,405.933,0,0,0,-0.947026,0.321157,0,3
90.393,405.26,0,0,0,-0.933816,0.357755,0,3
89.6375,404.498,0,0,0,-0.923597,0.383366,0,3
88.8795,403.81,0,0,0,-0.945233,0.326397,0,3
88.0694,403.152,0,0,0,-0.943798,0.330524,0,3
87.2465,402.482,0,0,0,-0.949015,0.31523,0,3
86.3884,401.861,0,0,0,-0.959758,0.28083,0,3
85.491,401.185,0,0,0,-0.948649,0.31633,0,3
84.6735,400.517,0,0,0,-0.946773,0.321902,0,3
83.5362,399.608,0,0,0,-0.947914,0.318527,0,3
82.6729,398.994,0,0,0,-0.94992,0.312493,0,3
81.8931,398.344,0,0,0,-0.948131,0.317881,0,3
80.789,397.372,0,0,0,-0.945055,0.326912,0,3
79.9899,396.702,0,0,0,-0.94384,0.330403,0,3
78.761,395.93,0,0,0,-0.955333,0.295531,0,3
78.0205,395.179,0,0,0,-0.949239,0.314557,0,3
76.8804,394.264,0,0,0,-0.953652,0.300913,0,3
76.0931,393.592,0,0,0,-0.946602,0.322403,0,3
75.3883,392.776,0,0,0,-0.937875,0.346974,0,3
74.6222,392.089,0,0,0,-0.933866,0.357624,0,3
73.4838,391.158,0,0,0,-0.940153,0.340752,0,3
72.6034,390.537,0,0,0,-0.94435,0.328942,0,3
71.819,389.898,0,0,0,-0.940556,0.339639,0,3
70.9882,389.24,0,0,0,-0.943166,0.332323,0,3
70.1778,388.63,0,0,0,-0.947846,0.31873,0,3
69.3279,388.072,0,0,0,-0.953463,0.30151,0,3
68.2852,387.131,0,0,0,-0.942083,0.335379,0,3
67.2458,386.12,0,0,0,-0.938241,0.345983,0,3
66.1183,385.25,0,0,0,-0.943252,0.332078,0,3
64.9552,384.318,0,0,0,-0.945159,0.32661,0,3
64.1951,383.666,0,0,0,-0.941239,0.337742,0,3
63.3815,382.991,0,0,0,-0.943412,0.331622,0,3
62.5566,382.371,0,0,0,-0.949355,0.314204,0,3
61.7454,381.771,0,0,0,-0.954768,0.297352,0,3
60.8618,381.203,0,0,0,-0.954361,0.298655,0,3
60.0297,380.576,0,0,0,-0.946883,0.321578,0,3
59.2279,379.928,0,0,0,-0.948835,0.315773,0,3
58.4267,379.291,0,0,0,-0.950471,0.310814,0,3
57.599,378.64,0,0,0,-0.944987,0.327108,0,3
56.8392,377.9,0,0,0,-0.94091,0.338658,0,3
56.0354,377.176,0,0,0,-0.939725,0.34193,0,3
55.2543,376.448,0,0,0,-0.929061,0.369927,0,3
54.5445,375.672,0,0,0,-0.904293,0.426913,0,3
53.9033,374.754,0,0,0,-0.868035,0.496503,0,3
53.3499,373.662,0,0,0,-0.848267,0.529569,0,3
52.7939,372.559,0,0,0,-0.8399,0.542741,0,3
52.1729,371.444,0,0,0,-0.845308,0.534279,0,3
51.7204,370.295,0,0,0,-0.842389,0.53887,0,3
51.4059,368.99,0,0,0,-0.788955,0.614451,0,3
51.1069,367.701,0,0,0,-0.787633,0.616144,0,3
50.9607,366.316,0,0,0,-0.761558,0.648096,0,3
50.365,365.161,0,0,0,-0.706625,0.707589,0,3
50.4482,363.846,0,0,0,-0.653518,0.756911,0,3
50.8484,362.748,0,0,0,-0.575743,0.817631,0,3
51.3401,361.744,0,0,0,-0.555829,0.831297,0,3
51.8178,360.758,0,0,0,-0.53275,0.846273,0,3
52.342,359.864,0,0,0,-0.517374,0.855759,0,3
52.9724,358.966,0,0,0,-0.489127,0.872213,0,3
53.5699,358.077,0,0,0,-0.481364,0.876521,0,3
54.1964,357.146,0,0,0,-0.476746,0.879041,0,3
55.0024,355.932,0,0,0,-0.472789,0.881176,0,3
55.8683,354.733,0,0,0,-0.469403,0.882984,0,3
56.5024,353.844,0,0,0,-0.466387,0.884581,0,3
57.097,353.033,0,0,0,-0.465728,0.884928,0,3
57.7594,352.199,0,0,0,-0.442591,0.896724,0,3
58.3859,351.407,0,0,0,-0.454124,0.890938,0,3
59.0128,350.566,0,0,0,-0.444665,0.895697,0,3
59.7143,349.745,0,0,0,-0.427072,0.904218,0,3
60.4505,348.965,0,0,0,-0.410653,0.911792,0,3
61.1025,348.164,0,0,0,-0.445936,0.895065,0,3
61.7349,347.377,0,0,0,-0.437603,0.899168,0,3
62.4134,346.608,0,0,0,-0.43042,0.902629,0,3
63.1124,345.806,0,0,0,-0.436262,0.89982,0,3
63.7262,344.985,0,0,0,-0.46559,0.885,0,3
64.3227,344.146,0,0,0,-0.473076,0.881021,0,3
64.9745,343.377,0,0,0,-0.442187,0.896923,0,3
65.6402,342.579,0,0,0,-0.454464,0.890765,0,3
66.264,341.747,0,0,0,-0.459072,0.888399,0,3
66.9413,340.972,0,0,0,-0.438426,0.898767,0,3
67.6185,340.152,0,0,0,-0.440895,0.897559,0,3
68.2974,339.296,0,0,0,-0.436029,0.899933,0,3
68.9527,338.54,0,0,0,-0.418721,0.908115,0,3
69.898,337.375,0,0,0,-0.431689,0.902023,0,3
70.5769,336.583,0,0,0,-0.43516,0.900353,0,3
71.5323,335.404,0,0,0,-0.435113,0.900376,0,3
72.2252,334.555,0,0,0,-0.435985,0.899954,0,3
73.2025,333.378,0,0,0,-0.450245,0.892905,0,3
73.8,332.569,0,0,0,-0.451867,0.892085,0,3
74.7405,331.386,0,0,0,-0.439422,0.898281,0,3
75.3847,330.615,0,0,0,-0.444593,0.895733,0,3
76.0538,329.775,0,0,0,-0.45012,0.892968,0,3
76.7155,328.945,0,0,0,-0.450437,0.892808,0,3
77.3977,328.081,0,0,0,-0.460571,0.887623,0,3
78.109,327.204,0,0,0,-0.432158,0.901798,0,3
78.8099,326.431,0,0,0,-0.422874,0.906188,0,3
79.5002,325.624,0,0,0,-0.41928,0.907857,0,3
80.2401,324.791,0,0,0,-0.421626,0.90677,0,3
80.9484,323.995,0,0,0,-0.421974,0.906608,0,3
81.5866,323.196,0,0,0,-0.434276,0.90078,0,3
82.2109,322.372,0,0,0,-0.45079,0.89263,0,3
82.8135,321.552,0,0,0,-0.446267,0.8949,0,3
83.544,320.691,0,0,0,-0.41027,0.911964,0,3
84.188,319.896,0,0,0,-0.433356,0.901223,0,3
84.8558,319.08,0,0,0,-0.442354,0.896841,0,3
85.5012,318.244,0,0,0,-0.452137,0.891948,0,3
86.1942,317.41,0,0,0,-0.431975,0.901885,0,3
86.9214,316.579,0,0,0,-0.419593,0.907712,0,3
87.6059,315.777,0,0,0,-0.42472,0.905325,0,3
88.2803,314.989,0,0,0,-0.422045,0.906575,0,3
88.9312,314.2,0,0,0,-0.428269,0.903651,0,3
89.6077,313.432,0,0,0,-0.42763,0.903954,0,3
90.2809,312.61,0,0,0,-0.440621,0.897693,0,3
90.9285,311.722,0,0,0,-0.447478,0.894295,0,3
91.5772,310.918,0,0,0,-0.42814,0.903712,0,3
92.2982,310.077,0,0,0,-0.420189,0.907437,0,3
92.9804,309.28,0,0,0,-0.428114,0.903725,0,3
93.9262,308.085,0,0,0,-0.433377,0.901213,0,3
94.882,306.958,0,0,0,-0.41544,0.90962,0,3
95.5455,306.16,0,0,0,-0.430552,0.902566,0,3
96.2463,305.374,0,0,0,-0.427714,0.903914,0,3
97.2269,304.232,0,0,0,-0.412652,0.910889,0,3
97.9134,303.479,0,0,0,-0.418631,0.908156,0,3
98.6742,302.606,0,0,0,-0.425278,0.905063,0,3
99.4031,301.839,0,0,0,-0.414358,0.910114,0,3
100.09,301.051,0,0,0,-0.39895,0.916973,0,3
100.803,300.261,0,0,0,-0.432914,0.901435,0,3
101.452,299.394,0,0,0,-0.452808,0.891608,0,3
102.054,298.596,0,0,0,-0.454544,0.890724,0,3
102.685,297.726,0,0,0,-0.463564,0.886064,0,3
103.276,296.879,0,0,0,-0.442532,0.896753,0,3
103.916,296.104,0,0,0,-0.420342,0.907366,0,3
104.568,295.339,0,0,0,-0.427672,0.903934,0,3
105.227,294.558,0,0,0,-0.444529,0.895765,0,3
106.153,293.319,0,0,0,-0.463733,0.885975,0,3
106.797,292.459,0,0,0,-0.459794,0.888026,0,3
107.759,291.269,0,0,0,-0.43494,0.900459,0,3
108.413,290.421,0,0,0,-0.437952,0.898999,0,3
109.108,289.575,0,0,0,-0.433181,0.901307,0,3
110.12,288.446,0,0,0,-0.433251,0.901273,0,3
111.206,287.231,0,0,0,-0.424896,0.905242,0,3
111.888,286.475,0,0,0,-0.43432,0.900759,0,3
112.746,285.41,0,0,0,-0.43435,0.900744,0,3
113.712,284.308,0,0,0,-0.433442,0.901182,0,3
114.395,283.528,0,0,0,-0.455451,0.890261,0,3
115.009,282.697,0,0,0,-0.464715,0.88546,0,3
115.706,281.825,0,0,0,-0.447529,0.89427,0,3
116.405,280.92,0,0,0,-0.448497,0.893784,0,3
117.085,280.102,0,0,0,-0.43902,0.898477,0,3
117.69,279.212,0,0,0,-0.447934,0.894067,0,3
118.462,278.347,0,0,0,-0.465097,0.88526,0,3
119.169,277.473,0,0,0,-0.446541,0.894763,0,3
119.832,276.694,0,0,0,-0.433068,0.901361,0,3
120.594,275.869,0,0,0,-0.401782,0.915736,0,3
121.32,275.112,0,0,0,-0.408462,0.912775,0,3
122.019,274.345,0,0,0,-0.40019,0.916432,0,3
122.706,273.573,0,0,0,-0.395165,0.91861,0,3
123.456,272.778,0,0,0,-0.398805,0.917036,0,3
124.198,272.005,0,0,0,-0.406221,0.913775,0,3
124.884,271.209,0,0,0,-0.425226,0.905087,0,3
125.571,270.404,0,0,0,-0.430033,0.902813,0,3
126.232,269.603,0,0,0,-0.429626,0.903007,0,3
126.909,268.792,0,0,0,-0.429804,0.902922,0,3
127.567,267.978,0,0,0,-0.442755,0.896643,0,3
128.185,267.185,0,0,0,-0.432368,0.901697,0,3
128.862,266.351,0,0,0,-0.435303,0.900284,0,3
129.531,265.55,0,0,0,-0.432497,0.901636,0,3
130.192,264.783,0,0,0,-0.432622,0.901575,0,3
130.883,263.91,0,0,0,-0.441678,0.897174,0,3
131.546,263.06,0,0,0,-0.44899,0.893537,0,3
132.225,262.213,0,0,0,-0.458019,0.888942,0,3
132.837,261.359,0,0,0,-0.452578,0.891725,0,3
133.516,260.55,0,0,0,-0.442667,0.896686,0,3
134.158,259.721,0,0,0,-0.442942,0.89655,0,3
134.843,258.953,0,0,0,-0.432202,0.901777,0,3
135.498,258.109,0,0,0,-0.443601,0.896224,0,3
136.171,257.304,0,0,0,-0.44111,0.897453,0,3
136.849,256.44,0,0,0,-0.431072,0.902318,0,3
137.48,255.617,0,0,0,-0.447766,0.894151,0,3
138.434,254.433,0,0,0,-0.454745,0.890622,0,3
139.053,253.579,0,0,0,-0.473432,0.88083,0,3
139.928,252.425,0,0,0,-0.484237,0.874937,0,3
140.479,251.569,0,0,0,-0.514765,0.857331,0,3
140.948,250.68,0,0,0,-0.523321,0.852136,0,3
141.727,249.489,0,0,0,-0.494346,0.869265,0,3
142.43,248.291,0,0,0,-0.496356,0.868119,0,3
142.894,247.402,0,0,0,-0.573913,0.818916,0,3
143.108,245.884,0,0,0,-0.687948,0.72576,0,3
143.185,244.681,0,0,0,-0.729716,0.683751,0,3
142.972,243.335,0,0,0,-0.793135,0.609046,0,3
142.501,242.139,0,0,0,-0.853005,0.521902,0,3
141.965,241.121,0,0,0,-0.881006,0.473105,0,3
141.337,240.217,0,0,0,-0.915034,0.403378,0,3
140.586,239.479,0,0,0,-0.935039,0.354546,0,3
139.45,238.472,0,0,0,-0.94212,0.335275,0,3
138.674,237.816,0,0,0,-0.948773,0.31596,0,3
137.876,237.211,0,0,0,-0.948522,0.316712,0,3
137.02,236.634,0,0,0,-0.964223,0.265091,0,3
136.104,236.076,0,0,0,-0.975836,0.218506,0,3
135.211,235.54,0,0,0,-0.970973,0.239188,0,3
134.335,235.046,0,0,0,-0.969805,0.243881,0,3
133.481,234.507,0,0,0,-0.95684,0.290615,0,3
132.652,233.946,0,0,0,-0.964053,0.265711,0,3
131.771,233.34,0,0,0,-0.95858,0.284825,0,3
130.903,232.766,0,0,0,-0.954862,0.297051,0,3
129.985,232.171,0,0,0,-0.951434,0.307852,0,3
129.183,231.495,0,0,0,-0.948748,0.316033,0,3
127.993,230.599,0,0,0,-0.950658,0.31024,0,3
127.195,229.957,0,0,0,-0.952591,0.304255,0,3
126.336,229.359,0,0,0,-0.95812,0.286367,0,3
125.45,228.831,0,0,0,-0.960552,0.2781,0,3
124.633,228.236,0,0,0,-0.94924,0.314554,0,3
123.825,227.588,0,0,0,-0.946215,0.323539,0,3
123.005,226.931,0,0,0,-0.950186,0.311685,0,3
121.77,226.045,0,0,0,-0.957085,0.289806,0,3
120.951,225.417,0,0,0,-0.950178,0.311707,0,3
120.091,224.832,0,0,0,-0.952645,0.304086,0,3
119.305,224.214,0,0,0,-0.947043,0.321106,0,3
118.466,223.579,0,0,0,-0.945795,0.324763,0,3
117.685,222.846,0,0,0,-0.942339,0.33466,0,3
116.867,222.191,0,0,0,-0.949387,0.314109,0,3
116.012,221.583,0,0,0,-0.949612,0.313427,0,3
115.196,220.938,0,0,0,-0.943946,0.330099,0,3
114.37,220.249,0,0,0,-0.935589,0.353091,0,3
113.615,219.523,0,0,0,-0.933178,0.359415,0,3
112.816,218.876,0,0,0,-0.942956,0.332918,0,3
111.944,218.186,0,0,0,-0.950273,0.311419,0,3
111.101,217.461,0,0,0,-0.945222,0.326428,0,3
110.27,216.678,0,0,0,-0.9459,0.324457,0,3
109.352,216.085,0,0,0,-0.949405,0.314053,0,3
108.519,215.442,0,0,0,-0.942621,0.333865,0,3
107.608,214.68,0,0,0,-0.938697,0.344743,0,3
106.715,213.954,0,0,0,-0.936866,0.349689,0,3
105.892,213.206,0,0,0,-0.94146,0.337126,0,3
105.047,212.522,0,0,0,-0.945049,0.326929,0,3
104.252,211.823,0,0,0,-0.937149,0.348929,0,3
103.429,211.153,0,0,0,-0.935409,0.353567,0,3
102.675,210.455,0,0,0,-0.936539,0.350564,0,3
101.9,209.788,0,0,0,-0.941224,0.337783,0,3
101.09,209.142,0,0,0,-0.950181,0.311698,0,3
100.231,208.475,0,0,0,-0.944605,0.32821,0,3
99.4369,207.842,0,0,0,-0.94437,0.328884,0,3
98.6284,207.145,0,0,0,-0.939758,0.34184,0,3
97.827,206.483,0,0,0,-0.940236,0.340525,0,3
97.0195,205.812,0,0,0,-0.944073,0.329737,0,3
96.2158,205.045,0,0,0,-0.938991,0.343942,0,3
95.4753,204.326,0,0,0,-0.931065,0.364854,0,3
94.7411,203.572,0,0,0,-0.938731,0.34465,0,3
93.9366,202.916,0,0,0,-0.944948,0.32722,0,3
93.1349,202.268,0,0,0,-0.942954,0.332923,0,3
92.3362,201.553,0,0,0,-0.935499,0.353329,0,3
91.5751,200.881,0,0,0,-0.937829,0.347098,0,3
90.8146,200.195,0,0,0,-0.936749,0.350002,0,3
90.0592,199.537,0,0,0,-0.944841,0.327529,0,3
88.9105,198.548,0,0,0,-0.928134,0.372245,0,3
88.188,197.84,0,0,0,-0.933115,0.359578,0,3
87.3786,197.157,0,0,0,-0.940455,0.339918,0,3
86.558,196.433,0,0,0,-0.943039,0.332682,0,3
85.7703,195.764,0,0,0,-0.942246,0.334922,0,3
84.9892,195.066,0,0,0,-0.940515,0.339753,0,3
84.1913,194.362,0,0,0,-0.943554,0.331218,0,3
83.3825,193.677,0,0,0,-0.936358,0.351046,0,3
82.5968,192.986,0,0,0,-0.943065,0.332609,0,3
81.7699,192.239,0,0,0,-0.942647,0.333793,0,3
80.9579,191.53,0,0,0,-0.944271,0.329169,0,3
80.1184,190.891,0,0,0,-0.957191,0.289456,0,3
79.1269,190.327,0,0,0,-0.966132,0.258047,0,3
78.1639,189.768,0,0,0,-0.970521,0.241015,0,3
77.1111,189.254,0,0,0,-0.980659,0.195726,0,3
75.9841,188.823,0,0,0,-0.99182,0.127643,0,3
74.6444,188.499,0,0,0,-0.992805,0.119743,0,3
73.3966,188.15,0,0,0,-0.98896,0.14818,0,3
72.1202,187.744,0,0,0,-0.98948,0.144668,0,3
70.8309,187.355,0,0,0,-0.995862,0.0908825,0,3
69.4256,187.057,0,0,0,-0.990128,0.140164,0,3
68.0934,186.671,0,0,0,-0.989568,0.144064,0,3
66.9424,186.179,0,0,0,-0.970841,0.239726,0,3
65.9584,185.561,0,0,0,-0.96395,0.266083,0,3
65.0269,184.919,0,0,0,-0.957183,0.289484,0,3
64.1556,184.237,0,0,0,-0.94224,0.334937,0,3
63.2671,183.547,0,0,0,-0.957366,0.288879,0,3
62.2791,182.951,0,0,0,-0.960651,0.277759,0,3
61.3965,182.279,0,0,0,-0.947153,0.320781,0,3
60.5223,181.519,0,0,0,-0.947374,0.320129,0,3
59.5759,180.8,0,0,0,-0.949416,0.314021,0,3
58.747,180.043,0,0,0,-0.937317,0.348477,0,3
57.8594,179.322,0,0,0,-0.940447,0.339939,0,3
56.9996,178.562,0,0,0,-0.942834,0.333262,0,3
56.1243,177.86,0,0,0,-0.942452,0.33434,0,3
55.2949,177.155,0,0,0,-0.935403,0.353584,0,3
54.4163,176.443,0,0,0,-0.95006,0.312066,0,3
53.5161,175.69,0,0,0,-0.939991,0.341199,0,3
52.6787,174.951,0,0,0,-0.941803,0.336166,0,3
51.8242,174.279,0,0,0,-0.938713,0.344699,0,3
51.0076,173.507,0,0,0,-0.92848,0.371383,0,3
50.2228,172.79,0,0,0,-0.937897,0.346913,0,3
49.3687,172.034,0,0,0,-0.941767,0.336267,0,3
48.5589,171.286,0,0,0,-0.932608,0.36089,0,3
47.7721,170.471,0,0,0,-0.925929,0.377698,0,3
46.9548,169.662,0,0,0,-0.925724,0.378199,0,3
46.239,168.898,0,0,0,-0.923479,0.38365,0,3
45.5593,168.118,0,0,0,-0.909893,0.414842,0,3
44.8041,167.213,0,0,0,-0.923119,0.384514,0,3
44.0169,166.459,0,0,0,-0.93095,0.365147,0,3
43.2488,165.668,0,0,0,-0.92339,0.383864,0,3
42.4423,164.826,0,0,0,-0.918508,0.395402,0,3
41.5963,163.991,0,0,0,-0.926617,0.376006,0,3
40.7972,163.189,0,0,0,-0.925992,0.377542,0,3
40.0372,162.382,0,0,0,-0.925539,0.378652,0,3
39.3011,161.63,0,0,0,-0.919796,0.392397,0,3
38.608,160.826,0,0,0,-0.914157,0.405359,0,3
37.8497,159.986,0,0,0,-0.910425,0.413674,0,3
36.8244,158.905,0,0,0,-0.927899,0.372831,0,3
36.0848,158.183,0,0,0,-0.924279,0.381718,0,3
35.3069,157.361,0,0,0,-0.92424,0.381813,0,3
34.5273,156.549,0,0,0,-0.922063,0.38704,0,3
33.7766,155.674,0,0,0,-0.90608,0.423106,0,3
33.0811,154.775,0,0,0,-0.902719,0.430231,0,3
32.4866,153.937,0,0,0,-0.894074,0.44792,0,3
31.8317,153.05,0,0,0,-0.900762,0.434314,0,3
31.2094,152.265,0,0,0,-0.912847,0.408302,0,3
30.4487,151.401,0,0,0,-0.919819,0.392343,0,3
29.6871,150.551,0,0,0,-0.91871,0.394934,0,3
28.8915,149.674,0,0,0,-0.905842,0.423616,0,3
28.2385,148.836,0,0,0,-0.89099,0.454023,0,3
27.5871,147.923,0,0,0,-0.886117,0.463462,0,3
27.0144,146.978,0,0,0,-0.881368,0.47243,0,3
26.3713,146.049,0,0,0,-0.892171,0.451699,0,3
25.7618,145.14,0,0,0,-0.887707,0.460409,0,3
25.0662,144.221,0,0,0,-0.901868,0.432012,0,3
24.4013,143.336,0,0,0,-0.90152,0.432738,0,3
23.7069,142.327,0,0,0,-0.906437,0.422342,0,3
22.9025,141.393,0,0,0,-0.91868,0.395002,0,3
22.0138,140.461,0,0,0,-0.928645,0.37097,0,3
21.0471,139.547,0,0,0,-0.927924,0.372769,0,3
20.185,138.648,0,0,0,-0.931601,0.363482,0,3
19.246,137.792,0,0,0,-0.935297,0.353863,0,3
18.2803,136.895,0,0,0,-0.934351,0.356353,0,3
17.2588,135.983,0,0,0,-0.94307,0.332595,0,3
16.1691,135.137,0,0,0,-0.934369,0.356307,0,3
15.3259,134.196,0,0,0,-0.918421,0.395604,0,3
14.3968,133.247,0,0,0,-0.928349,0.37171,0,3
13.4498,132.377,0,0,0,-0.937289,0.348552,0,3
12.373,131.411,0,0,0,-0.941707,0.336435,0,3
11.2869,130.406,0,0,0,-0.926199,0.377034,0,3
10.3613,129.446,0,0,0,-0.925038,0.379875,0,3
9.47509,128.521,0,0,0,-0.920658,0.390369,0,3
8.54058,127.599,0,0,0,-0.934795,0.355187,0,3
7.50627,126.633,0,0,0,-0.934849,0.355044,0,3
6.48765,125.624,0,0,0,-0.926603,0.376041,0,3
5.46159,124.523,0,0,0,-0.923479,0.383649,0,3
4.48316,123.562,0,0,0,-0.933197,0.359364,0,3
3.32888,122.54,0,0,0,-0.936938,0.349496,0,3
2.31234,121.297,0,0,0,-0.911773,0.410695,0,3
1.41822,120.216,0,0,0,-0.90982,0.415002,0,3
0.50836,119.106,0,0,0,-0.914702,0.404128,0,3
-0.40252,118.069,0,0,0,-0.922519,0.385951,0,3
-1.47748,117.053,0,0,0,-0.931174,0.364574,0,3
-2.45625,115.985,0,0,0,-0.924766,0.380535,0,3
-3.46204,114.862,0,0,0,-0.922599,0.385759,0,3
-4.44511,113.86,0,0,0,-0.92035,0.391096,0,3
-5.45267,112.916,0,0,0,-0.924716,0.380657,0,3
-6.38943,111.933,0,0,0,-0.924384,0.381463,0,3
-7.29632,110.926,0,0,0,-0.931003,0.365011,0,3
-8.32883,109.936,0,0,0,-0.931555,0.363601,0,3
-9.32546,108.965,0,0,0,-0.922235,0.38663,0,3
-10.3036,107.906,0,0,0,-0.916563,0.399889,0,3
-11.2443,106.85,0,0,0,-0.91943,0.393253,0,3
-12.1791,105.951,0,0,0,-0.918664,0.395039,0,3
-13.1609,105.027,0,0,0,-0.92836,0.371681,0,3
-14.1083,104.028,0,0,0,-0.923581,0.383404,0,3
-15.1132,103.085,0,0,0,-0.936279,0.351256,0,3
-16.0072,102.115,0,0,0,-0.930008,0.367541,0,3
-16.942,101.144,0,0,0,-0.925531,0.378672,0,3
-17.9404,100.088,0,0,0,-0.916564,0.399887,0,3
-19.0027,98.9941,0,0,0,-0.919135,0.393943,0,3
-19.8913,97.9259,0,0,0,-0.884602,0.466347,0,3
-20.5706,96.8209,0,0,0,-0.852191,0.523231,0,3
-21.1389,95.7191,0,0,0,-0.860352,0.5097,0,3
-21.6534,94.612,0,0,0,-0.85166,0.524094,0,3
-22.206,93.5068,0,0,0,-0.861549,0.507675,0,3
-22.7708,92.4366,0,0,0,-0.874403,0.485201,0,3
-23.4124,91.3039,0,0,0,-0.883528,0.468379,0,3
-24.066,90.1815,0,0,0,-0.878654,0.477459,0,3
-24.8615,89.0658,0,0,0,-0.907496,0.42006,0,3
-25.8083,87.9752,0,0,0,-0.910347,0.413845,0,3
-26.7742,86.9047,0,0,0,-0.915881,0.401451,0,3
-27.7023,85.9406,0,0,0,-0.929445,0.36896,0,3
-28.6724,85.0313,0,0,0,-0.928637,0.37099,0,3
-29.5333,83.9333,0,0,0,-0.922522,0.385944,0,3
-30.4128,82.8499,0,0,0,-0.91955,0.392974,0,3
-31.3367,81.911,0,0,0,-0.925013,0.379935,0,3
-32.3115,80.843,0,0,0,-0.920681,0.390316,0,3
-33.3152,79.8078,0,0,0,-0.918386,0.395686,0,3
-34.2024,78.8891,0,0,0,-0.908449,0.417995,0,3
-35.0899,77.9005,0,0,0,-0.924156,0.382015,0,3
-36.0302,76.9096,0,0,0,-0.914476,0.404639,0,3
-36.9498,75.8234,0,0,0,-0.910519,0.413466,0,3
-37.8962,74.8291,0,0,0,-0.926194,0.377048,0,3
-38.8225,73.9108,0,0,0,-0.919683,0.392663,0,3
-39.7206,72.9362,0,0,0,-0.922526,0.385935,0,3
-40.6203,72.0083,0,0,0,-0.920618,0.390464,0,3
-41.5207,71.0042,0,0,0,-0.922201,0.386712,0,3
-42.3748,70.1299,0,0,0,-0.936375,0.351002,0,3
-43.2797,69.3279,0,0,0,-0.938533,0.345191,0,3
-44.1373,68.5397,0,0,0,-0.925035,0.379883,0,3
-44.9949,67.6634,0,0,0,-0.925316,0.379197,0,3
-45.8187,66.8082,0,0,0,-0.929971,0.367632,0,3
-46.6655,65.9458,0,0,0,-0.922508,0.385979,0,3
-47.5321,65.0559,0,0,0,-0.921323,0.388797,0,3
-48.4499,64.1889,0,0,0,-0.915363,0.402628,0,3
-49.2613,63.3306,0,0,0,-0.92143,0.388545,0,3
-50.1219,62.5056,0,0,0,-0.925785,0.37805,0,3
-51.0092,61.6265,0,0,0,-0.919803,0.392381,0,3
-51.9124,60.7021,0,0,0,-0.917892,0.39683,0,3
-52.776,59.7387,0,0,0,-0.91687,0.399187,0,3
-53.6356,58.7996,0,0,0,-0.913522,0.406788,0,3
-54.4882,57.8978,0,0,0,-0.918732,0.394881,0,3
-55.2826,56.9242,0,0,0,-0.90845,0.417994,0,3
-56.1609,56.0204,0,0,0,-0.927307,0.374303,0,3
-57.0404,55.1339,0,0,0,-0.919959,0.392015,0,3
-57.8952,54.1819,0,0,0,-0.917479,0.397784,0,3
-58.744,53.2215,0,0,0,-0.922668,0.385595,0,3
-59.6869,52.398,0,0,0,-0.923817,0.382834,0,3
-60.5465,51.4592,0,0,0,-0.91794,0.396719,0,3
-61.3467,50.5632,0,0,0,-0.911117,0.412147,0,3
-62.1805,49.6608,0,0,0,-0.904846,0.425739,0,3
-62.9444,48.6303,0,0,0,-0.9022,0.431317,0,3
-63.7518,47.6483,0,0,0,-0.899487,0.436948,0,3
-64.5612,46.7088,0,0,0,-0.911492,0.411317,0,3
-65.4306,45.775,0,0,0,-0.911135,0.412108,0,3
-66.2351,44.8169,0,0,0,-0.916769,0.399417,0,3
-67.0488,43.7974,0,0,0,-0.913256,0.407387,0,3
-67.8539,42.8774,0,0,0,-0.915599,0.402092,0,3
-68.4307,42.027,0,0,0,0.914065,-0.405568,0,3
-69.1643,41.2105,0,0,0,-0.902799,0.430062,0,3
-69.7449,40.3166,0,0,0,-0.921021,0.389513,0,3
-70.4635,39.5687,0,0,0,-0.908533,0.417814,0,3
-71.0581,38.7869,0,0,0,-0.922806,0.385264,0,3
-71.5101,38.0578,0,0,0,-0.908448,0.417999,0,3
-72.111,37.2186,0,0,0,-0.952453,0.304687,0,3
-72.8873,36.5658,0,0,0,-0.949222,0.314608,0,3
-73.7057,35.8948,0,0,0,-0.939994,0.34119,0,3
-74.5501,35.2016,0,0,0,-0.947245,0.320509,0,3
-75.3818,34.5598,0,0,0,-0.943345,0.331814,0,3
-76.2157,33.8869,0,0,0,-0.942854,0.333206,0,3
-76.9658,33.1555,0,0,0,-0.91145,0.411412,0,3
-77.6331,32.4046,0,0,0,-0.923461,0.383693,0,3
-78.3858,31.6592,0,0,0,-0.937061,0.349167,0,3
-79.1683,31.0222,0,0,0,-0.94611,0.323846,0,3
-80.0514,30.3553,0,0,0,-0.954454,0.298358,0,3
-80.9445,29.7223,0,0,0,-0.963151,0.268963,0,3
-82.0249,29.2408,0,0,0,-0.999827,0.0186057,0,3
-82.5807,29.3001,0,0,0,0.992022,0.126062,0,3
-83.6932,29.5205,0,0,0,0.99223,0.12442,0,3
-84.821,29.8538,0,0,0,0.987732,0.15616,0,3
-85.8721,30.178,0,0,0,0.985148,0.17171,0,3
-86.8444,30.6469,0,0,0,0.964001,0.265899,0,3
-87.7281,31.2003,0,0,0,0.961208,0.275825,0,3
-88.6126,31.7391,0,0,0,0.965518,0.260338,0,3
-89.5165,32.2623,0,0,0,0.965631,0.259917,0,3
-90.3464,32.8603,0,0,0,0.949429,0.31398,0,3
-91.1916,33.4438,0,0,0,0.941797,0.336183,0,3
-92.391,34.3624,0,0,0,0.943949,0.330091,0,3
-93.5902,35.2684,0,0,0,0.9433,0.331941,0,3
-94.4309,35.9199,0,0,0,0.942808,0.333336,0,3
-95.2629,36.573,0,0,0,0.944075,0.32973,0,3
-96.0815,37.2157,0,0,0,0.941525,0.336944,0,3
-96.8722,37.8724,0,0,0,0.938725,0.344667,0,3
-97.6658,38.5521,0,0,0,0.936328,0.351127,0,3
-98.4586,39.2568,0,0,0,0.931833,0.362888,0,3
-99.2876,39.943,0,0,0,0.944994,0.327088,0,3
-100.458,40.8816,0,0,0,0.939956,0.341296,0,3
-101.23,41.5657,0,0,0,0.931037,0.364926,0,3
-102.045,42.2154,0,0,0,0.942499,0.33421,0,3
-102.833,42.9248,0,0,0,0.936821,0.349808,0,3
-103.571,43.696,0,0,0,0.921977,0.387244,0,3
-104.269,44.444,0,0,0,0.926996,0.375071,0,3
-104.97,45.2232,0,0,0,0.922607,0.38574,0,3
-105.76,45.921,0,0,0,0.921689,0.387929,0,3
-106.544,46.6756,0,0,0,0.932876,0.360198,0,3
-107.354,47.354,0,0,0,0.945969,0.324257,0,3
-108.19,47.9573,0,0,0,0.945109,0.326754,0,3
-108.994,48.603,0,0,0,0.943343,0.331819,0,3
-110.181,49.5248,0,0,0,0.937922,0.346846,0,3
-111.18,50.6357,0,0,0,0.883328,0.468755,0,3
-111.544,51.6981,0,0,0,0.71573,0.698378,0,3
-111.17,52.706,0,0,0,0.420775,0.907165,0,3
-110.439,53.4201,0,0,0,0.300477,0.953789,0,3
-109.31,53.8105,0,0,0,-0.0467537,0.998906,0,3
-108.32,53.4095,0,0,0,-0.230216,0.97314,0,3
-107.421,52.9185,0,0,0,-0.270338,0.962766,0,3
-106.511,52.3264,0,0,0,-0.307435,0.951569,0,3
-105.666,51.7116,0,0,0,-0.341976,0.939709,0,3
-104.939,51.0223,0,0,0,-0.385996,0.9225,0,3
-103.933,49.9414,0,0,0,-0.379495,0.925194,0,3
-103.178,49.254,0,0,0,-0.349671,0.936872,0,3
-102.293,48.637,0,0,0,-0.284685,0.958621,0,3
-101.473,48.0472,0,0,0,-0.320331,0.947306,0,3
-100.288,47.085,0,0,0,-0.359641,0.933091,0,3
-99.5376,46.4199,0,0,0,-0.372005,0.928231,0,3
-98.8006,45.7163,0,0,0,-0.372316,0.928106,0,3
-98.0088,44.9854,0,0,0,-0.347171,0.937802,0,3
-97.2303,44.3553,0,0,0,-0.354177,0.935179,0,3
-96.4798,43.5631,0,0,0,-0.387508,0.921866,0,3
-95.7718,42.801,0,0,0,-0.378873,0.925449,0,3
-95.0366,42.1044,0,0,0,-0.363462,0.931609,0,3
-94.2538,41.4609,0,0,0,-0.363397,0.931634,0,3
-93.4375,40.8089,0,0,0,-0.325108,0.945677,0,3
-92.6648,40.1434,0,0,0,-0.328943,0.94435,0,3
-91.8433,39.475,0,0,0,-0.350063,0.936726,0,3
-91.0329,38.8197,0,0,0,-0.387945,0.921683,0,3
-90.6072,37.7641,0,0,0,-0.686942,0.726712,0,3
-90.5811,36.4915,0,0,0,-0.734788,0.678297,0,3
-90.7528,35.3,0,0,0,-0.769826,0.638254,0,3
-91.0549,34.1421,0,0,0,-0.792653,0.609673,0,3
-91.4536,33.0523,0,0,0,-0.841991,0.539492,0,3
-91.9568,32.1182,0,0,0,-0.891242,0.453528,0,3
-92.6057,31.3235,0,0,0,-0.908323,0.41827,0,3
-93.3169,30.5492,0,0,0,-0.918579,0.395237,0,3
-94.0293,29.831,0,0,0,-0.911915,0.410379,0,3
-95.0271,28.7062,0,0,0,-0.914318,0.404998,0,3
-95.6676,27.9301,0,0,0,-0.913052,0.407844,0,3
-96.3921,27.1681,0,0,0,-0.899981,0.43593,0,3
-97.0807,26.2781,0,0,0,-0.900866,0.434098,0,3
-97.7164,25.4415,0,0,0,-0.902171,0.431378,0,3
-98.3464,24.6213,0,0,0,-0.905511,0.424324,0,3
-99.0299,23.8601,0,0,0,-0.917555,0.397609,0,3
-99.7285,23.115,0,0,0,-0.907429,0.420206,0,3
-100.394,22.2638,0,0,0,-0.894079,0.447908,0,3
-101.023,21.4389,0,0,0,-0.900342,0.435183,0,3
-101.689,20.5567,0,0,0,-0.899977,0.435938,0,3
-102.36,19.71,0,0,0,-0.890911,0.454178,0,3
-103.018,18.8347,0,0,0,-0.887354,0.461089,0,3
-103.583,17.9244,0,0,0,-0.886828,0.4621,0,3
-104.237,17.0738,0,0,0,-0.893766,0.448534,0,3
-104.909,16.2596,0,0,0,-0.899422,0.437082,0,3
-105.578,15.4742,0,0,0,-0.910527,0.413449,0,3
-106.276,14.643,0,0,0,-0.9186,0.395188,0,3
-106.996,13.8527,0,0,0,-0.922634,0.385678,0,3
-107.704,13.0937,0,0,0,-0.919791,0.39241,0,3
-108.427,12.3449,0,0,0,-0.913683,0.406427,0,3
-109.102,11.5101,0,0,0,-0.909655,0.415364,0,3
-109.798,10.7008,0,0,0,-0.910225,0.414114,0,3
-110.497,9.87906,0,0,0,-0.917494,0.397751,0,3
-111.2,9.15616,0,0,0,-0.927009,0.375038,0,3
-111.936,8.39186,0,0,0,-0.928301,0.37183,0,3
-112.709,7.68168,0,0,0,-0.934839,0.355073,0,3
-113.43,6.98678,0,0,0,-0.923783,0.382915,0,3
-114.12,6.18711,0,0,0,-0.900993,0.433835,0,3
-114.82,5.33664,0,0,0,-0.90175,0.432258,0,3
-115.496,4.51206,0,0,0,-0.904158,0.427199,0,3
-116.149,3.70006,0,0,0,-0.904762,0.425918,0,3
-116.785,2.88593,0,0,0,-0.905621,0.424087,0,3
-117.462,2.10303,0,0,0,-0.90798,0.419013,0,3
-118.17,1.36929,0,0,0,-0.923482,0.383642,0,3
-118.901,0.620582,0,0,0,-0.929495,0.368836,0,3
-119.662,-0.042434,0,0,0,-0.934685,0.355478,0,3
-120.435,-0.773888,0,0,0,-0.934907,0.354892,0,3
-121.23,-1.47959,0,0,0,-0.94017,0.340705,0,3
-122.001,-2.18255,0,0,0,-0.918676,0.395012,0,3
-122.694,-2.94426,0,0,0,-0.915289,0.402799,0,3
-123.387,-3.75558,0,0,0,-0.912931,0.408114,0,3
-124.129,-4.51498,0,0,0,-0.918592,0.395207,0,3
-124.822,-5.30527,0,0,0,-0.916049,0.401067,0,3
-125.485,-6.12933,0,0,0,-0.911591,0.411099,0,3
-126.182,-6.88402,0,0,0,-0.910972,0.412469,0,3
-126.88,-7.69052,0,0,0,-0.906616,0.421957,0,3
-127.571,-8.4532,0,0,0,-0.924482,0.381226,0,3
-128.27,-9.19098,0,0,0,-0.923094,0.384574,0,3
-128.991,-9.90743,0,0,0,-0.929028,0.370008,0,3
-129.781,-10.635,0,0,0,-0.935495,0.353341,0,3
-130.586,-11.3225,0,0,0,-0.940266,0.340441,0,3
-131.398,-11.9889,0,0,0,-0.946253,0.323426,0,3
-132.268,-12.6214,0,0,0,-0.95049,0.310756,0,3
-133.089,-13.195,0,0,0,-0.944475,0.328584,0,3
-133.808,-13.955,0,0,0,-0.907732,0.41955,0,3
-134.502,-14.759,0,0,0,-0.912196,0.409754,0,3
-135.202,-15.4937,0,0,0,-0.916617,0.399767,0,3
-135.922,-16.2724,0,0,0,-0.915173,0.403062,0,3
-136.628,-17.037,0,0,0,-0.913795,0.406175,0,3
-137.348,-17.8201,0,0,0,-0.914225,0.405207,0,3
-138.019,-18.5822,0,0,0,-0.916646,0.3997,0,3
-138.731,-19.3772,0,0,0,-0.916963,0.398973,0,3
-139.78,-20.4806,0,0,0,-0.916007,0.401162,0,3
-140.492,-21.25,0,0,0,-0.907444,0.420174,0,3
-141.118,-22.0638,0,0,0,-0.893989,0.448088,0,3
-141.785,-22.854,0,0,0,-0.916318,0.40045,0,3
-142.597,-23.4843,0,0,0,-0.981218,0.1929,0,3
-143.834,-23.5545,0,0,0,0.983337,0.181794,0,3
-144.566,-22.87,0,0,0,0.809057,0.58773,0,3
-144.49,-21.765,0,0,0,0.550827,0.834619,0,3
-143.345,-20.7909,0,0,0,0.319487,0.947591,0,3
-142.557,-20.1448,0,0,0,0.338103,0.941109,0,3
-141.701,-19.5785,0,0,0,0.269261,0.963067,0,3
-140.854,-19.0256,0,0,0,0.263073,0.964776,0,3
-139.962,-18.5444,0,0,0,0.226759,0.973951,0,3
-138.997,-18.0487,0,0,0,0.224603,0.97445,0,3
-138.047,-17.5856,0,0,0,0.215067,0.976599,0,3
-137.115,-17.1248,0,0,0,0.29046,0.956887,0,3
-136.305,-16.4856,0,0,0,0.366793,0.930303,0,3
-135.535,-15.7756,0,0,0,0.36669,0.930343,0,3
-134.733,-15.06,0,0,0,0.360879,0.932612,0,3
-133.939,-14.3395,0,0,0,0.370709,0.928749,0,3
-133.175,-13.6296,0,0,0,0.358861,0.933391,0,3
-132.086,-12.6101,0,0,0,0.343038,0.939322,0,3
-131.317,-11.9322,0,0,0,0.364717,0.931118,0,3
-130.596,-11.1567,0,0,0,0.39753,0.917589,0,3
-129.602,-10.0303,0,0,0,0.406489,0.913655,0,3
-128.855,-9.30266,0,0,0,0.371169,0.928565,0,3
-128.146,-8.54522,0,0,0,0.371643,0.928376,0,3
-127.432,-7.8028,0,0,0,0.394413,0.918933,0,3
-126.743,-7.03303,0,0,0,0.40448,0.914547,0,3
-126.007,-6.27206,0,0,0,0.381928,0.924192,0,3
-125.205,-5.57,0,0,0,0.349127,0.937075,0,3
-124.391,-4.88316,0,0,0,0.344691,0.938716,0,3
-123.615,-4.18354,0,0,0,0.384819,0.922992,0,3
-122.944,-3.37135,0,0,0,0.424126,0.905603,0,3
-122.279,-2.58551,0,0,0,0.420385,0.907346,0,3
-121.605,-1.79737,0,0,0,0.383659,0.923475,0,3
-120.88,-1.02316,0,0,0,0.377288,0.926096,0,3
-120.157,-0.257274,0,0,0,0.361144,0.93251,0,3
-119.457,0.460853,0,0,0,0.376487,0.926422,0,3
-118.727,1.21478,0,0,0,0.404825,0.914394,0,3
-118.021,2.03799,0,0,0,0.420973,0.907073,0,3
-117.314,2.83035,0,0,0,0.410037,0.912069,0,3
-116.278,3.9713,0,0,0,0.391123,0.920339,0,3
-115.575,4.71648,0,0,0,0.407406,0.913247,0,3
-114.873,5.55821,0,0,0,0.430525,0.902579,0,3
-114.201,6.39699,0,0,0,0.421948,0.90662,0,3
-113.482,7.20819,0,0,0,0.421815,0.906682,0,3
-112.76,8.01971,0,0,0,0.410034,0.91207,0,3
-111.967,8.79781,0,0,0,0.409344,0.91238,0,3
-111.269,9.53849,0,0,0,0.395027,0.918669,0,3
-110.554,10.3052,0,0,0,0.388364,0.921506,0,3
-109.771,11.0258,0,0,0,0.35477,0.934954,0,3
-109.023,11.8454,0,0,0,0.399391,0.916781,0,3
-108.325,12.7065,0,0,0,0.420882,0.907115,0,3
-107.609,13.5425,0,0,0,0.42391,0.905705,0,3
-106.935,14.3933,0,0,0,0.396084,0.918214,0,3
-106.123,15.0517,0,0,0,0.212848,0.977085,0,3
-105.097,15.3867,0,0,0,0.0798821,0.996804,0,3
-103.823,15.1703,0,0,0,-0.278466,0.960446,0,3
-102.956,14.5113,0,0,0,-0.322456,0.946585,0,3
-102.001,13.8603,0,0,0,-0.317017,0.94842,0,3
-101.065,13.1911,0,0,0,-0.283022,0.959113,0,3
-100.097,12.5471,0,0,0,-0.311823,0.95014,0,3
-98.9742,11.9455,0,0,0,-0.209933,0.977716,0,3
-97.7219,11.4196,0,0,0,-0.143687,0.989623,0,3
-96.5204,11.1763,0,0,0,-0.0962479,0.995357,0,3
-95.2431,10.8727,0,0,0,-0.119073,0.992885,0,3
-94.0288,10.7049,0,0,0,0.0565963,0.998397,0,3
-93.0592,11.123,0,0,0,0.395926,0.918283,0,3
-92.3651,12.1963,0,0,0,0.481155,0.876636,0,3
-91.6254,13.021,0,0,0,0.411036,0.911619,0,3
-90.8572,13.8372,0,0,0,0.393631,0.919268,0,3
-90.063,14.6833,0,0,0,0.394451,0.918917,0,3
-89.2654,15.5627,0,0,0,0.389282,0.921119,0,3
-88.4493,16.4046,0,0,0,0.372398,0.928073,0,3
-87.6216,17.1619,0,0,0,0.34046,0.940259,0,3
-86.8459,17.9176,0,0,0,0.396416,0.918071,0,3
-86.0598,18.7221,0,0,0,0.387928,0.92169,0,3
-85.2929,19.5197,0,0,0,0.398127,0.91733,0,3
-84.5463,20.3703,0,0,0,0.401286,0.915953,0,3
-83.8122,21.2268,0,0,0,0.404135,0.914699,0,3
-83.1076,22.0746,0,0,0,0.399071,0.91692,0,3
-82.3456,22.8864,0,0,0,0.389773,0.920911,0,3
-81.4908,23.5533,0,0,0,0.342741,0.93943,0,3
-80.4745,23.8676,0,0,0,0.00770114,0.99997,0,3
-79.3053,23.5028,0,0,0,-0.29063,0.956835,0,3
-78.3346,22.7564,0,0,0,-0.303426,0.952855,0,3
-77.3097,22.0684,0,0,0,-0.287268,0.95785,0,3
-76.2158,21.3701,0,0,0,-0.168895,0.985634,0,3
-75.0522,21.1973,0,0,0,-0.0262327,0.999656,0,3
-73.9821,21.3083,0,0,0,0.182068,0.983286,0,3
-73.0723,21.7269,0,0,0,0.378818,0.925471,0,3
-72.2384,22.4171,0,0,0,0.39433,0.918969,0,3
-71.5425,23.369,0,0,0,0.419339,0.90783,0,3
-70.7405,24.1616,0,0,0,0.415671,0.909515,0,3
-70.015,25.096,0,0,0,0.41934,0.907829,0,3
-69.1602,25.9661,0,0,0,0.402743,0.915313,0,3
-68.3653,26.8045,0,0,0,0.401212,0.915985,0,3
-67.5816,27.6849,0,0,0,0.328827,0.94439,0,3
-66.6059,28.0218,0,0,0,-0.0688361,0.997628,0,3
-65.3981,27.4118,0,0,0,-0.340407,0.940278,0,3
-64.4872,26.6945,0,0,0,-0.361137,0.932513,0,3
-63.5917,25.9679,0,0,0,-0.327906,0.94471,0,3
-62.5796,25.2405,0,0,0,-0.323253,0.946312,0,3
-61.5717,24.4207,0,0,0,-0.33943,0.940631,0,3
-60.6674,23.6832,0,0,0,-0.353962,0.93526,0,3
-59.7521,22.9918,0,0,0,-0.360962,0.93258,0,3
-58.7871,22.2332,0,0,0,-0.313448,0.949606,0,3
-57.8638,21.4551,0,0,0,-0.345849,0.93829,0,3
-57.2855,20.5737,0,0,0,-0.627888,0.778304,0,3
-57.4585,19.4119,0,0,0,-0.903837,0.427878,0,3
-58.1311,18.6221,0,0,0,-0.895186,0.445692,0,3
-58.8762,17.7513,0,0,0,-0.912652,0.408738,0,3
-59.705,16.8005,0,0,0,-0.911145,0.412085,0,3
-60.5874,15.8656,0,0,0,-0.916412,0.400236,0,3
-61.505,14.9295,0,0,0,-0.925894,0.377784,0,3
-62.31,14.122,0,0,0,-0.907088,0.42094,0,3
-63.1325,13.1423,0,0,0,-0.902148,0.431427,0,3
-64.0331,12.1787,0,0,0,-0.91446,0.404676,0,3
-64.8127,11.3796,0,0,0,-0.92163,0.38807,0,3
-65.5864,10.5302,0,0,0,-0.912428,0.409238,0,3
-66.4447,9.69429,0,0,0,-0.9237,0.383117,0,3
-67.3244,8.75263,0,0,0,-0.891629,0.452767,0,3
-68.1825,7.70913,0,0,0,-0.90908,0.416621,0,3
-68.9823,6.74172,0,0,0,-0.910288,0.413975,0,3
-69.7354,5.75971,0,0,0,-0.888611,0.458662,0,3
-70.3745,4.83723,0,0,0,-0.828192,0.560444,0,3
-70.4964,3.73085,0,0,0,-0.693453,0.720502,0,3
-70.1581,2.78586,0,0,0,-0.490582,0.871395,0,3
-69.3948,1.91919,0,0,0,-0.412139,0.911121,0,3
-68.5885,1.09267,0,0,0,-0.364018,0.931392,0,3
-67.7174,0.287014,0,0,0,-0.338904,0.940821,0,3
-66.8528,-0.535764,0,0,0,-0.367289,0.930107,0,3
-65.9776,-1.39143,0,0,0,-0.348864,0.937173,0,3
-65.1022,-2.25638,0,0,0,-0.37153,0.928421,0,3
-64.2411,-3.09728,0,0,0,-0.388972,0.92125,0,3
-63.3083,-3.93838,0,0,0,-0.383372,0.923594,0,3
-62.313,-4.77462,0,0,0,-0.364233,0.931308,0,3
-61.3688,-5.58194,0,0,0,-0.376131,0.926567,0,3
-60.3647,-6.36268,0,0,0,-0.201219,0.979546,0,3
-58.9796,-6.67146,0,0,0,-0.150431,0.98862,0,3
-57.9216,-6.6209,0,0,0,0.175826,0.984421,0,3
-56.9741,-5.67458,0,0,0,0.544443,0.838798,0,3
-56.3066,-4.60273,0,0,0,0.375347,0.926884,0,3
-55.3176,-3.67039,0,0,0,0.393168,0.919467,0,3
-54.51,-2.90053,0,0,0,0.367992,0.929829,0,3
-53.4874,-1.98139,0,0,0,0.371325,0.928503,0,3
-52.5553,-1.16903,0,0,0,0.362926,0.931818,0,3
-51.738,-0.408277,0,0,0,0.356242,0.934394,0,3
-51.0337,0.402905,0,0,0,0.371603,0.928392,0,3
